timestamp,source,channel,batch_idx,sample_in_batch,global_sample_idx,observed_min,observed_max,observed_mean,allowed_lower,allowed_upper,csv_min,csv_max,p01,p99,finite_ratio,nonfinite_count,violation,below_by,above_by
2022-01-01 00:00:00,cma,z850,0,0,0,9406.76953125,18024.36328125,13825.5654296875,8903.49169921875,16602.69287109375,9545.091796875,15961.0927734375,10216.357421875,15501.6513671875,1.0,0,above_max,0.0,1421.67041015625
2022-01-01 00:00:00,cma,z925,0,0,0,2835.416015625,11968.3486328125,7161.8369140625,2460.5858154296875,9915.777709960938,3081.851806640625,9294.51171875,3673.682861328125,8815.8974609375,1.0,0,above_max,0.0,2052.5709228515625
2022-01-01 00:00:00,cma,z1000,0,0,0,-3031.08056640625,6380.36083984375,1018.872314453125,-3704.9665771484374,4229.005395507813,-3043.80224609375,3567.841064453125,-2445.5966796875,2886.279052734375,1.0,0,above_max,0.0,2151.355444335937
2022-01-01 00:00:00,cma,t50,0,0,0,192.5369873046875,244.99099731445312,213.69932556152344,184.55128631591796,244.06768646240235,189.510986328125,239.1079864501953,191.48898315429688,237.56298828125,1.0,0,above_max,0.0,0.9233108520507756
2022-01-01 00:00:00,cma,t250,0,0,0,203.0113525390625,245.25283813476562,222.1605987548828,199.91574401855465,242.15813903808595,203.4359436035156,238.637939453125,205.2699279785156,234.98043823242188,1.0,0,above_max,0.0,3.094699096679676
2022-01-01 00:00:00,cma,t300,0,0,0,207.7021484375,254.0411376953125,228.0698699951172,202.29721069335938,252.88742065429688,206.5130615234375,248.67156982421875,209.8265686035156,244.75857543945312,1.0,0,above_max,0.0,1.153717041015625
2022-01-01 00:00:00,cma,u150,0,0,0,-27.749664306640625,85.16033935546875,14.958685874938965,-45.561387634277345,82.8806167602539,-34.857887268066406,72.17711639404297,-21.327884674072266,56.14711380004883,1.0,0,above_max,0.0,2.2797225952148494
2022-01-01 00:00:00,cma,v50,0,0,0,-36.55929183959961,41.39570617675781,0.14666399359703064,-30.524716949462892,36.77367935180664,-24.91651725769043,31.16547966003418,-18.581018447875977,22.86298105239868,1.0,0,below_min;above_max,6.034574890136717,4.6220268249511705
2022-01-01 00:00:00,cma,v100,0,0,0,-30.099143981933594,27.94385528564453,-0.004714369308203459,-27.414196968078617,32.050002098083496,-22.45884704589844,27.09465217590332,-16.778846740722656,16.470958366394036,1.0,0,below_min,2.684947013854977,0.0
2022-01-01 00:00:00,cma,v150,0,0,0,-37.1040153503418,40.110984802246094,0.14970603585243225,-34.94914302825928,46.020857429504396,-28.201642990112305,39.27335739135742,-19.726642608642575,22.943359375,1.0,0,below_min,2.154872322082518,0.0
2022-01-01 00:00:00,cma,v200,0,0,0,-53.809444427490234,47.785552978515625,0.18216493725776672,-50.31730079650879,61.060697555541985,-41.03580093383789,51.77919769287109,-25.96080017089844,28.44419860839844,1.0,0,below_min,3.4921436309814453,0.0
2022-01-01 00:00:00,cma,v250,0,0,0,-69.24177551269531,69.52322387695312,0.1749715805053711,-57.60447769165039,63.16352157592773,-47.54047775268555,53.09952163696289,-30.575477600097656,33.5575741195678,1.0,0,below_min;above_max,11.637297821044925,6.3597023010253935
2022-01-01 00:00:00,cma,v300,0,0,0,-72.17948150634766,73.79051971435547,0.1501818150281906,-63.88097305297852,64.92703170776367,-53.14697265625,54.19303131103516,-30.54197120666504,33.32607688903801,1.0,0,below_min;above_max,8.298508453369138,8.863488006591794
2022-01-01 00:00:00,cma,v400,0,0,0,-65.15292358398438,64.68708038330078,0.09436456114053726,-59.223367309570314,64.14263305664062,-48.942867279052734,53.86213302612305,-27.602867126464844,27.60213279724121,1.0,0,below_min;above_max,5.929556274414061,0.5444473266601619
2022-01-01 00:00:00,cma,v500,0,0,0,-54.08003234863281,55.879966735839844,0.09475893527269363,-45.70456199645996,46.10143928527832,-38.05406188964844,38.4509391784668,-23.104063034057617,22.74593734741211,1.0,0,below_min;above_max,8.375470352172854,9.778527450561526
2022-01-01 00:00:00,cma,v600,0,0,0,-40.954769134521484,51.80522918701172,0.06688061356544495,-36.2928804397583,38.20011653900146,-30.08513069152832,31.992366790771484,-19.387240676879884,19.150478839874253,1.0,0,below_min;above_max,4.661888694763185,13.605112648010255
2022-01-01 00:00:00,cma,v700,0,0,0,-37.47256851196289,48.21743392944336,-0.0070161665789783,-37.889457893371585,41.16053981781006,-31.301958084106445,34.57304000854492,-16.531959533691406,17.1230411529541,1.0,0,above_max,0.0,7.056894111633298
2022-01-01 00:00:00,cma,v850,0,0,0,-29.69256019592285,51.722442626953125,-0.21118083596229553,-43.882645797729495,41.05935401916504,-36.80414581298828,33.98085403442383,-15.119146347045898,16.788903827667166,1.0,0,above_max,0.0,10.663088607788083
2022-01-01 00:00:00,cma,v925,0,0,0,-33.10015869140625,46.71484375,-0.3033095598220825,-43.24247150421142,38.46552639007569,-36.4334716796875,31.65652656555176,-16.23847198486328,17.4415283203125,1.0,0,above_max,0.0,8.249317359924312
2022-01-01 00:00:00,cma,v1000,0,0,0,-23.68531036376953,28.548189163208008,-0.37316060066223145,-32.451983261108396,28.39401893615723,-27.38148307800293,23.32351875305176,-13.344288482666016,11.940017700195312,1.0,0,above_max,0.0,0.154170227050777
2022-01-01 00:00:00,cma,r300,0,0,0,-0.970001220703125,110.49000549316406,44.73444747924805,-10.0,110.0,0.0,100.0,0.0600013732910156,100.0,1.0,0,above_max,0.0,0.4900054931640625
2022-01-01 00:00:00,cma,r400,0,0,0,0.0,140.67999267578125,47.3855094909668,-16.33450698852539,137.31949996948242,-3.5300064086914062,124.51499938964844,0.0,100.0,1.0,0,above_max,0.0,3.360492706298828
2022-01-01 00:00:00,cma,r500,0,0,0,0.0,119.53499603271484,46.603111267089844,-10.0,110.0,0.0,100.0,0.0050010681152343,100.0,1.0,0,above_max,0.0,9.534996032714844
2022-01-01 06:00:00,cma,z850,0,1,1,9120.0302734375,17469.412109375,13819.4970703125,8903.49169921875,16602.69287109375,9545.091796875,15961.0927734375,10216.357421875,15501.6513671875,1.0,0,above_max,0.0,866.71923828125
2022-01-01 06:00:00,cma,z925,0,1,1,2556.1328125,11322.2978515625,7154.03466796875,2460.5858154296875,9915.777709960938,3081.851806640625,9294.51171875,3673.682861328125,8815.8974609375,1.0,0,above_max,0.0,1406.5201416015625
2022-01-01 06:00:00,cma,z1000,0,1,1,-3314.671630859375,5651.05810546875,1009.1818237304688,-3704.9665771484374,4229.005395507813,-3043.80224609375,3567.841064453125,-2445.5966796875,2886.279052734375,1.0,0,above_max,0.0,1422.0527099609371
2022-01-01 06:00:00,cma,t50,0,1,1,192.66961669921875,245.46261596679688,213.72686767578125,184.55128631591796,244.06768646240235,189.510986328125,239.1079864501953,191.48898315429688,237.56298828125,1.0,0,above_max,0.0,1.3949295043945256
2022-01-01 06:00:00,cma,t250,0,1,1,203.19271850585938,244.22071838378906,222.0939483642578,199.91574401855465,242.15813903808595,203.4359436035156,238.637939453125,205.2699279785156,234.98043823242188,1.0,0,above_max,0.0,2.0625793457031136
2022-01-01 06:00:00,cma,u150,0,1,1,-30.310638427734375,84.1943588256836,14.88123893737793,-45.561387634277345,82.8806167602539,-34.857887268066406,72.17711639404297,-21.327884674072266,56.14711380004883,1.0,0,above_max,0.0,1.3137420654296932
2022-01-01 06:00:00,cma,u200,0,1,1,-27.735218048095703,95.85478210449219,15.417437553405762,-37.52268333435059,92.50331611633301,-26.687183380126957,81.66781616210938,-16.102182388305664,63.417816162109375,1.0,0,above_max,0.0,3.351465988159177
2022-01-01 06:00:00,cma,v50,0,1,1,-36.01596450805664,42.259037017822266,0.15068566799163818,-30.524716949462892,36.77367935180664,-24.91651725769043,31.16547966003418,-18.581018447875977,22.86298105239868,1.0,0,below_min;above_max,5.491247558593749,5.485357666015624
2022-01-01 06:00:00,cma,v100,0,1,1,-30.592453002929688,35.07754898071289,0.07847139984369278,-27.414196968078617,32.050002098083496,-22.45884704589844,27.09465217590332,-16.778846740722656,16.470958366394036,1.0,0,below_min;above_max,3.1782560348510707,3.0275468826293945
2022-01-01 06:00:00,cma,v150,0,1,1,-35.69025421142578,42.139747619628906,0.11795192211866379,-34.94914302825928,46.020857429504396,-28.201642990112305,39.27335739135742,-19.726642608642575,22.943359375,1.0,0,below_min,0.7411111831665025,0.0
2022-01-01 06:00:00,cma,v250,0,1,1,-64.93148803710938,70.53350830078125,0.2836640477180481,-57.60447769165039,63.16352157592773,-47.54047775268555,53.09952163696289,-30.575477600097656,33.5575741195678,1.0,0,below_min;above_max,7.327010345458987,7.3699867248535185
2022-01-01 06:00:00,cma,v300,0,1,1,-71.71924591064453,78.6507568359375,0.275312215089798,-63.88097305297852,64.92703170776367,-53.14697265625,54.19303131103516,-30.54197120666504,33.32607688903801,1.0,0,below_min;above_max,7.838272857666013,13.723725128173825
2022-01-01 06:00:00,cma,v400,0,1,1,-68.40795135498047,69.20704650878906,0.13269221782684326,-59.223367309570314,64.14263305664062,-48.942867279052734,53.86213302612305,-27.602867126464844,27.60213279724121,1.0,0,below_min;above_max,9.184584045410155,5.064413452148443
2022-01-01 06:00:00,cma,v500,0,1,1,-57.57667922973633,51.3933219909668,0.05446372553706169,-45.70456199645996,46.10143928527832,-38.05406188964844,38.4509391784668,-23.104063034057617,22.74593734741211,1.0,0,below_min;above_max,11.87211723327637,5.291882705688479
2022-01-01 06:00:00,cma,v600,0,1,1,-44.301490783691406,45.32851028442383,0.010860471054911613,-36.2928804397583,38.20011653900146,-30.08513069152832,31.992366790771484,-19.387240676879884,19.150478839874253,1.0,0,below_min;above_max,8.008610343933107,7.128393745422365
2022-01-01 06:00:00,cma,v700,0,1,1,-38.99941635131836,51.945579528808594,-0.04855715110898018,-37.889457893371585,41.16053981781006,-31.301958084106445,34.57304000854492,-16.531959533691406,17.1230411529541,1.0,0,below_min;above_max,1.1099584579467745,10.785039710998532
2022-01-01 06:00:00,cma,v850,0,1,1,-30.33771514892578,59.89728546142578,-0.21658530831336975,-43.882645797729495,41.05935401916504,-36.80414581298828,33.98085403442383,-15.119146347045898,16.788903827667166,1.0,0,above_max,0.0,18.83793144226074
2022-01-01 06:00:00,cma,v925,0,1,1,-30.939510345458984,52.030487060546875,-0.3617657423019409,-43.24247150421142,38.46552639007569,-36.4334716796875,31.65652656555176,-16.23847198486328,17.4415283203125,1.0,0,above_max,0.0,13.564960670471187
2022-01-01 06:00:00,cma,r300,0,1,1,0.0,126.77000427246094,45.16118621826172,-10.0,110.0,0.0,100.0,0.0600013732910156,100.0,1.0,0,above_max,0.0,16.770004272460938
2022-01-01 06:00:00,cma,r500,0,1,1,0.0,119.6500015258789,45.95564270019531,-10.0,110.0,0.0,100.0,0.0050010681152343,100.0,1.0,0,above_max,0.0,9.650001525878906
2022-01-01 12:00:00,cma,z850,0,2,2,9043.45703125,17269.275390625,13839.3623046875,8903.49169921875,16602.69287109375,9545.091796875,15961.0927734375,10216.357421875,15501.6513671875,1.0,0,above_max,0.0,666.58251953125
2022-01-01 12:00:00,cma,z925,0,2,2,2471.13916015625,11095.107421875,7174.01904296875,2460.5858154296875,9915.777709960938,3081.851806640625,9294.51171875,3673.682861328125,8815.8974609375,1.0,0,above_max,0.0,1179.3297119140625
2022-01-01 12:00:00,cma,z1000,0,2,2,-3404.84521484375,5399.56494140625,1026.1318359375,-3704.9665771484374,4229.005395507813,-3043.80224609375,3567.841064453125,-2445.5966796875,2886.279052734375,1.0,0,above_max,0.0,1170.5595458984371
2022-01-01 12:00:00,cma,t50,0,2,2,192.55712890625,244.86062622070312,213.7206268310547,184.55128631591796,244.06768646240235,189.510986328125,239.1079864501953,191.48898315429688,237.56298828125,1.0,0,above_max,0.0,0.7929397583007756
2022-01-01 12:00:00,cma,t250,0,2,2,203.374267578125,243.5982666015625,222.16673278808594,199.91574401855465,242.15813903808595,203.4359436035156,238.637939453125,205.2699279785156,234.98043823242188,1.0,0,above_max,0.0,1.4401275634765511
2022-01-01 12:00:00,cma,u700,0,2,2,-41.597129821777344,36.0628662109375,3.1022284030914307,-38.12271099090576,46.57329349517822,-31.06471061706543,39.51529312133789,-13.54471206665039,27.97528839111328,1.0,0,below_min,3.474418830871585,0.0
2022-01-01 12:00:00,cma,u850,0,2,2,-48.36983108520508,41.35016632080078,0.9072680473327637,-42.08315887451172,47.05283966064454,-34.65515899658203,39.62483978271485,-14.66515827178955,22.514841079711918,1.0,0,below_min,6.286672210693361,0.0
2022-01-01 12:00:00,cma,u1000,0,2,2,-30.386934280395508,25.672067642211914,-0.2840672731399536,-28.249113845825196,32.75948600769043,-23.165063858032227,27.67543601989746,-13.008063316345217,14.073935508728027,1.0,0,below_min,2.137820434570312,0.0
2022-01-01 12:00:00,cma,v50,0,2,2,-36.701416015625,42.27358627319336,0.025391973555088043,-30.524716949462892,36.77367935180664,-24.91651725769043,31.16547966003418,-18.581018447875977,22.86298105239868,1.0,0,below_min;above_max,6.176699066162108,5.499906921386717
2022-01-01 12:00:00,cma,v100,0,2,2,-30.22894287109375,33.091556549072266,0.11464647203683853,-27.414196968078617,32.050002098083496,-22.45884704589844,27.09465217590332,-16.778846740722656,16.470958366394036,1.0,0,below_min;above_max,2.814745903015133,1.0415544509887695
2022-01-01 12:00:00,cma,v150,0,2,2,-38.46953201293945,43.785465240478516,0.12600483000278473,-34.94914302825928,46.020857429504396,-28.201642990112305,39.27335739135742,-19.726642608642575,22.943359375,1.0,0,below_min,3.5203889846801744,0.0
2022-01-01 12:00:00,cma,v200,0,2,2,-54.566951751708984,55.868045806884766,0.3540566563606262,-50.31730079650879,61.060697555541985,-41.03580093383789,51.77919769287109,-25.96080017089844,28.44419860839844,1.0,0,below_min,4.249650955200195,0.0
2022-01-01 12:00:00,cma,v250,0,2,2,-60.277191162109375,71.79780578613281,0.301370233297348,-57.60447769165039,63.16352157592773,-47.54047775268555,53.09952163696289,-30.575477600097656,33.5575741195678,1.0,0,below_min;above_max,2.672713470458987,8.634284210205081
2022-01-01 12:00:00,cma,v300,0,2,2,-68.29307556152344,78.55191802978516,0.25104260444641113,-63.88097305297852,64.92703170776367,-53.14697265625,54.19303131103516,-30.54197120666504,33.32607688903801,1.0,0,below_min;above_max,4.412102508544919,13.624886322021482
2022-01-01 12:00:00,cma,v400,0,2,2,-66.51402282714844,74.71598052978516,0.07997865229845047,-59.223367309570314,64.14263305664062,-48.942867279052734,53.86213302612305,-27.602867126464844,27.60213279724121,1.0,0,below_min;above_max,7.290655517578124,10.573347473144537
2022-01-01 12:00:00,cma,v500,0,2,2,-55.29815673828125,67.54183959960938,0.06023160368204117,-45.70456199645996,46.10143928527832,-38.05406188964844,38.4509391784668,-23.104063034057617,22.74593734741211,1.0,0,below_min;above_max,9.593594741821292,21.440400314331058
2022-01-01 12:00:00,cma,v600,0,2,2,-43.40043258666992,53.00956726074219,-0.006186540704220533,-36.2928804397583,38.20011653900146,-30.08513069152832,31.992366790771484,-19.387240676879884,19.150478839874253,1.0,0,below_min;above_max,7.1075521469116225,14.809450721740724
2022-01-01 12:00:00,cma,v700,0,2,2,-37.523250579833984,50.10175323486328,-0.07282515615224838,-37.889457893371585,41.16053981781006,-31.301958084106445,34.57304000854492,-16.531959533691406,17.1230411529541,1.0,0,above_max,0.0,8.94121341705322
2022-01-01 12:00:00,cma,v850,0,2,2,-33.45722579956055,49.32777404785156,-0.18228928744792938,-43.882645797729495,41.05935401916504,-36.80414581298828,33.98085403442383,-15.119146347045898,16.788903827667166,1.0,0,above_max,0.0,8.26842002868652
2022-01-01 12:00:00,cma,v925,0,2,2,-31.653018951416016,46.22698211669922,-0.2659304738044739,-43.24247150421142,38.46552639007569,-36.4334716796875,31.65652656555176,-16.23847198486328,17.4415283203125,1.0,0,above_max,0.0,7.761455726623531
2022-01-01 12:00:00,cma,r500,0,2,2,0.0,115.81000518798828,44.76408767700195,-10.0,110.0,0.0,100.0,0.0050010681152343,100.0,1.0,0,above_max,0.0,5.810005187988281
2022-01-01 12:00:00,cma,u10m,0,2,2,-30.755596160888672,26.063905715942383,-0.21712516248226166,-29.907401847839353,35.473996925354,-24.45895195007324,30.02554702758789,-11.840758934020997,13.990546226501465,1.0,0,below_min,0.8481943130493192,0.0
2022-01-01 18:00:00,cma,z850,0,3,3,9184.021484375,17749.640625,13848.6806640625,8903.49169921875,16602.69287109375,9545.091796875,15961.0927734375,10216.357421875,15501.6513671875,1.0,0,above_max,0.0,1146.94775390625
2022-01-01 18:00:00,cma,z925,0,3,3,2639.20849609375,11656.4228515625,7182.115234375,2460.5858154296875,9915.777709960938,3081.851806640625,9294.51171875,3673.682861328125,8815.8974609375,1.0,0,above_max,0.0,1740.6451416015625
2022-01-01 18:00:00,cma,z1000,0,3,3,-3232.476318359375,6035.29833984375,1034.9891357421875,-3704.9665771484374,4229.005395507813,-3043.80224609375,3567.841064453125,-2445.5966796875,2886.279052734375,1.0,0,above_max,0.0,1806.2929443359371
2022-01-01 18:00:00,cma,t50,0,3,3,192.9878387451172,245.38485717773438,213.7603302001953,184.55128631591796,244.06768646240235,189.510986328125,239.1079864501953,191.48898315429688,237.56298828125,1.0,0,above_max,0.0,1.3171707153320256
2022-01-01 18:00:00,cma,t250,0,3,3,204.0184326171875,242.94993591308594,222.19082641601562,199.91574401855465,242.15813903808595,203.4359436035156,238.637939453125,205.2699279785156,234.98043823242188,1.0,0,above_max,0.0,0.7917968749999886
2022-01-01 18:00:00,cma,t300,0,3,3,208.29360961914062,252.89910888671875,228.31222534179688,202.29721069335938,252.88742065429688,206.5130615234375,248.67156982421875,209.8265686035156,244.75857543945312,1.0,0,above_max,0.0,0.011688232421875
2022-01-01 18:00:00,cma,u250,0,3,3,-32.51643753051758,103.23355865478516,14.208223342895508,-50.39963340759277,102.46837043762207,-37.6606330871582,89.7293701171875,-16.55563735961914,64.45936584472656,1.0,0,above_max,0.0,0.7651882171630859
2022-01-01 18:00:00,cma,u700,0,3,3,-42.29568099975586,37.89931869506836,3.0074970722198486,-38.12271099090576,46.57329349517822,-31.06471061706543,39.51529312133789,-13.54471206665039,27.97528839111328,1.0,0,below_min,4.1729700088501005,0.0
2022-01-01 18:00:00,cma,u850,0,3,3,-44.81317138671875,37.29182815551758,0.8399553894996643,-42.08315887451172,47.05283966064454,-34.65515899658203,39.62483978271485,-14.66515827178955,22.514841079711918,1.0,0,below_min,2.7300125122070327,0.0
2022-01-01 18:00:00,cma,u1000,0,3,3,-31.061187744140625,22.560312271118164,-0.34099847078323364,-28.249113845825196,32.75948600769043,-23.165063858032227,27.67543601989746,-13.008063316345217,14.073935508728027,1.0,0,below_min,2.812073898315429,0.0
2022-01-01 18:00:00,cma,v50,0,3,3,-37.11713409423828,43.26286315917969,-0.0773201510310173,-30.524716949462892,36.77367935180664,-24.91651725769043,31.16547966003418,-18.581018447875977,22.86298105239868,1.0,0,below_min;above_max,6.592417144775389,6.4891838073730455
2022-01-01 18:00:00,cma,v100,0,3,3,-30.458776473999023,31.70372200012207,0.10222543030977249,-27.414196968078617,32.050002098083496,-22.45884704589844,27.09465217590332,-16.778846740722656,16.470958366394036,1.0,0,below_min,3.0445795059204066,0.0
2022-01-01 18:00:00,cma,v150,0,3,3,-41.71414566040039,44.92085266113281,0.16479024291038513,-34.94914302825928,46.020857429504396,-28.201642990112305,39.27335739135742,-19.726642608642575,22.943359375,1.0,0,below_min,6.765002632141112,0.0
2022-01-01 18:00:00,cma,v200,0,3,3,-60.5941276550293,56.48587417602539,0.447378009557724,-50.31730079650879,61.060697555541985,-41.03580093383789,51.77919769287109,-25.96080017089844,28.44419860839844,1.0,0,below_min,10.276826858520508,0.0
2022-01-01 18:00:00,cma,v250,0,3,3,-65.3986587524414,72.2713394165039,0.4026711583137512,-57.60447769165039,63.16352157592773,-47.54047775268555,53.09952163696289,-30.575477600097656,33.5575741195678,1.0,0,below_min;above_max,7.7941810607910185,9.107817840576175
2022-01-01 18:00:00,cma,v300,0,3,3,-69.70111846923828,70.46888732910156,0.33127111196517944,-63.88097305297852,64.92703170776367,-53.14697265625,54.19303131103516,-30.54197120666504,33.32607688903801,1.0,0,below_min;above_max,5.820145416259763,5.541855621337888
2022-01-01 18:00:00,cma,v400,0,3,3,-61.41944885253906,74.11554718017578,0.13244685530662537,-59.223367309570314,64.14263305664062,-48.942867279052734,53.86213302612305,-27.602867126464844,27.60213279724121,1.0,0,below_min;above_max,2.1960815429687486,9.972914123535162
2022-01-01 18:00:00,cma,v500,0,3,3,-49.22105407714844,69.8889389038086,0.02896575629711151,-45.70456199645996,46.10143928527832,-38.05406188964844,38.4509391784668,-23.104063034057617,22.74593734741211,1.0,0,below_min;above_max,3.5164920806884794,23.787499618530276
2022-01-01 18:00:00,cma,v600,0,3,3,-41.8553466796875,56.31465148925781,-0.007306448183953762,-36.2928804397583,38.20011653900146,-30.08513069152832,31.992366790771484,-19.387240676879884,19.150478839874253,1.0,0,below_min;above_max,5.562466239929201,18.11453495025635
2022-01-01 18:00:00,cma,v700,0,3,3,-37.33342742919922,47.546566009521484,-0.10000166296958923,-37.889457893371585,41.16053981781006,-31.301958084106445,34.57304000854492,-16.531959533691406,17.1230411529541,1.0,0,above_max,0.0,6.386026191711423
2022-01-01 18:00:00,cma,v850,0,3,3,-40.439048767089844,45.820953369140625,-0.20578598976135254,-43.882645797729495,41.05935401916504,-36.80414581298828,33.98085403442383,-15.119146347045898,16.788903827667166,1.0,0,above_max,0.0,4.761599349975583
2022-01-01 18:00:00,cma,v925,0,3,3,-35.76991653442383,44.47507858276367,-0.3039934039115906,-43.24247150421142,38.46552639007569,-36.4334716796875,31.65652656555176,-16.23847198486328,17.4415283203125,1.0,0,above_max,0.0,6.009552192687984
2022-01-01 18:00:00,cma,r300,0,3,3,-0.6799964904785156,134.614990234375,44.3325309753418,-10.0,110.0,0.0,100.0,0.0600013732910156,100.0,1.0,0,above_max,0.0,24.614990234375
2022-01-01 18:00:00,cma,u10m,0,3,3,-31.702056884765625,21.00044059753418,-0.24291183054447174,-29.907401847839353,35.473996925354,-24.45895195007324,30.02554702758789,-11.840758934020997,13.990546226501465,1.0,0,below_min,1.7946550369262724,0.0
2022-01-02 00:00:00,cma,z850,0,4,4,9421.9755859375,17531.583984375,13861.5048828125,8903.49169921875,16602.69287109375,9545.091796875,15961.0927734375,10216.357421875,15501.6513671875,1.0,0,above_max,0.0,928.89111328125
2022-01-02 00:00:00,cma,z925,0,4,4,2883.1279296875,11396.28125,7200.72412109375,2460.5858154296875,9915.777709960938,3081.851806640625,9294.51171875,3673.682861328125,8815.8974609375,1.0,0,above_max,0.0,1480.5035400390625
2022-01-02 00:00:00,cma,z1000,0,4,4,-3007.668701171875,5758.986328125,1057.971923828125,-3704.9665771484374,4229.005395507813,-3043.80224609375,3567.841064453125,-2445.5966796875,2886.279052734375,1.0,0,above_max,0.0,1529.9809326171871
2022-01-02 00:00:00,cma,t50,0,4,4,193.12327575683594,245.68177795410156,213.79415893554688,184.55128631591796,244.06768646240235,189.510986328125,239.1079864501953,191.48898315429688,237.56298828125,1.0,0,above_max,0.0,1.614091491699213
2022-01-02 00:00:00,cma,t250,0,4,4,204.35000610351562,242.77450561523438,222.24526977539062,199.91574401855465,242.15813903808595,203.4359436035156,238.637939453125,205.2699279785156,234.98043823242188,1.0,0,above_max,0.0,0.6163665771484261
2022-01-02 00:00:00,cma,u700,0,4,4,-40.7781867980957,39.79681396484375,3.015131950378418,-38.12271099090576,46.57329349517822,-31.06471061706543,39.51529312133789,-13.54471206665039,27.97528839111328,1.0,0,below_min,2.6554758071899442,0.0
2022-01-02 00:00:00,cma,v50,0,4,4,-39.99982833862305,49.6651725769043,0.0023010922595858574,-30.524716949462892,36.77367935180664,-24.91651725769043,31.16547966003418,-18.581018447875977,22.86298105239868,1.0,0,below_min;above_max,9.475111389160155,12.891493225097655
2022-01-02 00:00:00,cma,v100,0,4,4,-27.741069793701172,31.342430114746094,0.051836881786584854,-27.414196968078617,32.050002098083496,-22.45884704589844,27.09465217590332,-16.778846740722656,16.470958366394036,1.0,0,below_min,0.32687282562255504,0.0
2022-01-02 00:00:00,cma,v150,0,4,4,-43.06888961791992,38.116111755371094,0.11568071693181992,-34.94914302825928,46.020857429504396,-28.201642990112305,39.27335739135742,-19.726642608642575,22.943359375,1.0,0,below_min,8.119746589660643,0.0
2022-01-02 00:00:00,cma,v200,0,4,4,-56.04570388793945,51.10429382324219,0.29878315329551697,-50.31730079650879,61.060697555541985,-41.03580093383789,51.77919769287109,-25.96080017089844,28.44419860839844,1.0,0,below_min,5.728403091430664,0.0
2022-01-02 00:00:00,cma,v250,0,4,4,-75.81172180175781,65.88328552246094,0.30943965911865234,-57.60447769165039,63.16352157592773,-47.54047775268555,53.09952163696289,-30.575477600097656,33.5575741195678,1.0,0,below_min;above_max,18.207244110107425,2.719763946533206
2022-01-02 00:00:00,cma,v300,0,4,4,-73.79582214355469,69.50418090820312,0.2541332542896271,-63.88097305297852,64.92703170776367,-53.14697265625,54.19303131103516,-30.54197120666504,33.32607688903801,1.0,0,below_min;above_max,9.914849090576169,4.57714920043945
2022-01-02 00:00:00,cma,v400,0,4,4,-64.91790008544922,61.42210006713867,0.09602981060743332,-59.223367309570314,64.14263305664062,-48.942867279052734,53.86213302612305,-27.602867126464844,27.60213279724121,1.0,0,below_min,5.694532775878905,0.0
2022-01-02 00:00:00,cma,v500,0,4,4,-53.289794921875,54.13520812988281,0.048932645469903946,-45.70456199645996,46.10143928527832,-38.05406188964844,38.4509391784668,-23.104063034057617,22.74593734741211,1.0,0,below_min;above_max,7.585232925415042,8.033768844604495
2022-01-02 00:00:00,cma,v600,0,4,4,-45.7247200012207,57.07527542114258,0.033271707594394684,-36.2928804397583,38.20011653900146,-30.08513069152832,31.992366790771484,-19.387240676879884,19.150478839874253,1.0,0,below_min;above_max,9.431839561462404,18.875158882141115
2022-01-02 00:00:00,cma,v700,0,4,4,-42.6536750793457,53.011322021484375,0.01960485801100731,-37.889457893371585,41.16053981781006,-31.301958084106445,34.57304000854492,-16.531959533691406,17.1230411529541,1.0,0,below_min;above_max,4.764217185974118,11.850782203674314
2022-01-02 00:00:00,cma,v850,0,4,4,-46.90005111694336,44.65494918823242,-0.1484193652868271,-43.882645797729495,41.05935401916504,-36.80414581298828,33.98085403442383,-15.119146347045898,16.788903827667166,1.0,0,below_min;above_max,3.0174053192138643,3.59559516906738
2022-01-02 06:00:00,cma,z850,0,5,5,9758.0625,17175.8125,13854.0830078125,8903.49169921875,16602.69287109375,9545.091796875,15961.0927734375,10216.357421875,15501.6513671875,1.0,0,above_max,0.0,573.11962890625
2022-01-02 06:00:00,cma,z925,0,5,5,3042.6484375,10993.3896484375,7189.5615234375,2460.5858154296875,9915.777709960938,3081.851806640625,9294.51171875,3673.682861328125,8815.8974609375,1.0,0,above_max,0.0,1077.6119384765625
2022-01-02 06:00:00,cma,z1000,0,5,5,-2989.24951171875,5320.90576171875,1045.4107666015625,-3704.9665771484374,4229.005395507813,-3043.80224609375,3567.841064453125,-2445.5966796875,2886.279052734375,1.0,0,above_max,0.0,1091.9003662109371
2022-01-02 06:00:00,cma,t50,0,5,5,192.85244750976562,244.79595947265625,213.78878784179688,184.55128631591796,244.06768646240235,189.510986328125,239.1079864501953,191.48898315429688,237.56298828125,1.0,0,above_max,0.0,0.7282730102539006
2022-01-02 06:00:00,cma,t250,0,5,5,204.80697631835938,243.2684783935547,222.22108459472656,199.91574401855465,242.15813903808595,203.4359436035156,238.637939453125,205.2699279785156,234.98043823242188,1.0,0,above_max,0.0,1.1103393554687386
2022-01-02 06:00:00,cma,u150,0,5,5,-27.685195922851562,84.49980926513672,14.54077434539795,-45.561387634277345,82.8806167602539,-34.857887268066406,72.17711639404297,-21.327884674072266,56.14711380004883,1.0,0,above_max,0.0,1.6191925048828182
2022-01-02 06:00:00,cma,v50,0,5,5,-41.48112869262695,50.66887283325195,0.0504719614982605,-30.524716949462892,36.77367935180664,-24.91651725769043,31.16547966003418,-18.581018447875977,22.86298105239868,1.0,0,below_min;above_max,10.956411743164061,13.895193481445311
2022-01-02 06:00:00,cma,v100,0,5,5,-36.03314971923828,30.921846389770508,-0.007061811629682779,-27.414196968078617,32.050002098083496,-22.45884704589844,27.09465217590332,-16.778846740722656,16.470958366394036,1.0,0,below_min,8.618952751159664,0.0
2022-01-02 06:00:00,cma,v150,0,5,5,-36.38679504394531,39.23820495605469,0.14531488716602325,-34.94914302825928,46.020857429504396,-28.201642990112305,39.27335739135742,-19.726642608642575,22.943359375,1.0,0,below_min,1.4376520156860337,0.0
2022-01-02 06:00:00,cma,v200,0,5,5,-52.871910095214844,51.99309158325195,0.30672770738601685,-50.31730079650879,61.060697555541985,-41.03580093383789,51.77919769287109,-25.96080017089844,28.44419860839844,1.0,0,below_min,2.5546092987060547,0.0
2022-01-02 06:00:00,cma,v250,0,5,5,-66.85005187988281,63.139949798583984,0.34327229857444763,-57.60447769165039,63.16352157592773,-47.54047775268555,53.09952163696289,-30.575477600097656,33.5575741195678,1.0,0,below_min,9.245574188232425,0.0
2022-01-02 06:00:00,cma,v300,0,5,5,-72.83174133300781,67.4732666015625,0.31325483322143555,-63.88097305297852,64.92703170776367,-53.14697265625,54.19303131103516,-30.54197120666504,33.32607688903801,1.0,0,below_min;above_max,8.950768280029294,2.5462348937988253
2022-01-02 06:00:00,cma,v400,0,5,5,-77.79576110839844,58.8592414855957,0.08534270524978638,-59.223367309570314,64.14263305664062,-48.942867279052734,53.86213302612305,-27.602867126464844,27.60213279724121,1.0,0,below_min,18.572393798828124,0.0
2022-01-02 06:00:00,cma,v500,0,5,5,-67.1004638671875,45.879539489746094,0.010673612356185913,-45.70456199645996,46.10143928527832,-38.05406188964844,38.4509391784668,-23.104063034057617,22.74593734741211,1.0,0,below_min,21.395901870727542,0.0
2022-01-02 06:00:00,cma,v600,0,5,5,-54.351661682128906,46.8083381652832,0.019214829429984093,-36.2928804397583,38.20011653900146,-30.08513069152832,31.992366790771484,-19.387240676879884,19.150478839874253,1.0,0,below_min;above_max,18.058781242370607,8.60822162628174
2022-01-02 06:00:00,cma,v700,0,5,5,-47.42234420776367,47.50765609741211,-0.0018079574219882488,-37.889457893371585,41.16053981781006,-31.301958084106445,34.57304000854492,-16.531959533691406,17.1230411529541,1.0,0,below_min;above_max,9.532886314392087,6.347116279602048
2022-01-02 06:00:00,cma,v850,0,5,5,-49.14002227783203,36.374977111816406,-0.16176533699035645,-43.882645797729495,41.05935401916504,-36.80414581298828,33.98085403442383,-15.119146347045898,16.788903827667166,1.0,0,below_min,5.257376480102536,0.0
2022-01-02 06:00:00,cma,v925,0,5,5,-43.47389602661133,31.56610107421875,-0.2815795838832855,-43.24247150421142,38.46552639007569,-36.4334716796875,31.65652656555176,-16.23847198486328,17.4415283203125,1.0,0,below_min,0.23142452239990519,0.0
2022-01-02 12:00:00,cma,z850,0,6,6,9345.3828125,17168.63671875,13863.29296875,8903.49169921875,16602.69287109375,9545.091796875,15961.0927734375,10216.357421875,15501.6513671875,1.0,0,above_max,0.0,565.94384765625
2022-01-02 12:00:00,cma,z925,0,6,6,2625.29345703125,10997.23046875,7197.1220703125,2460.5858154296875,9915.777709960938,3081.851806640625,9294.51171875,3673.682861328125,8815.8974609375,1.0,0,above_max,0.0,1081.4527587890625
2022-01-02 12:00:00,cma,z1000,0,6,6,-3363.32177734375,5304.77587890625,1050.0953369140625,-3704.9665771484374,4229.005395507813,-3043.80224609375,3567.841064453125,-2445.5966796875,2886.279052734375,1.0,0,above_max,0.0,1075.7704833984371
2022-01-02 12:00:00,cma,t50,0,6,6,192.2919921875,244.34848022460938,213.77984619140625,184.55128631591796,244.06768646240235,189.510986328125,239.1079864501953,191.48898315429688,237.56298828125,1.0,0,above_max,0.0,0.28079376220702557
2022-01-02 12:00:00,cma,t250,0,6,6,204.30889892578125,242.99790954589844,222.2550506591797,199.91574401855465,242.15813903808595,203.4359436035156,238.637939453125,205.2699279785156,234.98043823242188,1.0,0,above_max,0.0,0.8397705078124886
2022-01-02 12:00:00,cma,u200,0,6,6,-22.803112030029297,93.40689086914062,15.133899688720703,-37.52268333435059,92.50331611633301,-26.687183380126957,81.66781616210938,-16.102182388305664,63.417816162109375,1.0,0,above_max,0.0,0.9035747528076143
2022-01-02 12:00:00,cma,v50,0,6,6,-43.25170135498047,50.27330017089844,0.05491383746266365,-30.524716949462892,36.77367935180664,-24.91651725769043,31.16547966003418,-18.581018447875977,22.86298105239868,1.0,0,below_min;above_max,12.726984405517577,13.499620819091795
2022-01-02 12:00:00,cma,v100,0,6,6,-32.31171798706055,36.75828170776367,-0.08767817169427872,-27.414196968078617,32.050002098083496,-22.45884704589844,27.09465217590332,-16.778846740722656,16.470958366394036,1.0,0,below_min;above_max,4.89752101898193,4.708279609680176
2022-01-02 12:00:00,cma,v150,0,6,6,-35.52863693237305,45.62636184692383,0.1453157514333725,-34.94914302825928,46.020857429504396,-28.201642990112305,39.27335739135742,-19.726642608642575,22.943359375,1.0,0,below_min,0.5794939041137681,0.0
2022-01-02 12:00:00,cma,v200,0,6,6,-53.34722137451172,54.0827751159668,0.35539478063583374,-50.31730079650879,61.060697555541985,-41.03580093383789,51.77919769287109,-25.96080017089844,28.44419860839844,1.0,0,below_min,3.0299205780029297,0.0
2022-01-02 12:00:00,cma,v250,0,6,6,-58.3646354675293,62.4853630065918,0.2818666100502014,-57.60447769165039,63.16352157592773,-47.54047775268555,53.09952163696289,-30.575477600097656,33.5575741195678,1.0,0,below_min,0.7601577758789091,0.0
2022-01-02 12:00:00,cma,v300,0,6,6,-67.26521301269531,63.68978500366211,0.24467425048351288,-63.88097305297852,64.92703170776367,-53.14697265625,54.19303131103516,-30.54197120666504,33.32607688903801,1.0,0,below_min,3.384239959716794,0.0
2022-01-02 12:00:00,cma,v400,0,6,6,-74.42343139648438,56.506568908691406,0.026918986812233925,-59.223367309570314,64.14263305664062,-48.942867279052734,53.86213302612305,-27.602867126464844,27.60213279724121,1.0,0,below_min,15.200064086914061,0.0
2022-01-02 12:00:00,cma,v500,0,6,6,-69.32760620117188,44.297401428222656,-0.040277011692523956,-45.70456199645996,46.10143928527832,-38.05406188964844,38.4509391784668,-23.104063034057617,22.74593734741211,1.0,0,below_min,23.623044204711917,0.0
2022-01-02 12:00:00,cma,v600,0,6,6,-60.58719253540039,45.49781036376953,-0.031164711341261864,-36.2928804397583,38.20011653900146,-30.08513069152832,31.992366790771484,-19.387240676879884,19.150478839874253,1.0,0,below_min;above_max,24.29431209564209,7.297693824768068
2022-01-02 12:00:00,cma,v700,0,6,6,-46.06730270385742,43.44269943237305,-0.023640381172299385,-37.889457893371585,41.16053981781006,-31.301958084106445,34.57304000854492,-16.531959533691406,17.1230411529541,1.0,0,below_min;above_max,8.177844810485837,2.2821596145629854
2022-01-02 12:00:00,cma,v850,0,6,6,-44.673561096191406,37.0914421081543,-0.1573510766029358,-43.882645797729495,41.05935401916504,-36.80414581298828,33.98085403442383,-15.119146347045898,16.788903827667166,1.0,0,below_min,0.7909152984619112,0.0
2022-01-02 12:00:00,cma,v925,0,6,6,-44.342674255371094,32.01232147216797,-0.21938104927539825,-43.24247150421142,38.46552639007569,-36.4334716796875,31.65652656555176,-16.23847198486328,17.4415283203125,1.0,0,below_min,1.1002027511596708,0.0
2022-01-02 18:00:00,cma,z850,0,7,7,9130.666015625,17818.8671875,13866.912109375,8903.49169921875,16602.69287109375,9545.091796875,15961.0927734375,10216.357421875,15501.6513671875,1.0,0,above_max,0.0,1216.17431640625
2022-01-02 18:00:00,cma,z925,0,7,7,2386.39013671875,11769.392578125,7200.0791015625,2460.5858154296875,9915.777709960938,3081.851806640625,9294.51171875,3673.682861328125,8815.8974609375,1.0,0,below_min;above_max,74.1956787109375,1853.6148681640625
2022-01-02 18:00:00,cma,z1000,0,7,7,-3606.59716796875,6188.28466796875,1054.8028564453125,-3704.9665771484374,4229.005395507813,-3043.80224609375,3567.841064453125,-2445.5966796875,2886.279052734375,1.0,0,above_max,0.0,1959.2792724609371
2022-01-02 18:00:00,cma,t250,0,7,7,204.93585205078125,242.41586303710938,222.2548370361328,199.91574401855465,242.15813903808595,203.4359436035156,238.637939453125,205.2699279785156,234.98043823242188,1.0,0,above_max,0.0,0.25772399902342613
2022-01-02 18:00:00,cma,u150,0,7,7,-26.924076080322266,83.77093505859375,14.585465431213379,-45.561387634277345,82.8806167602539,-34.857887268066406,72.17711639404297,-21.327884674072266,56.14711380004883,1.0,0,above_max,0.0,0.8903182983398494
2022-01-02 18:00:00,cma,u200,0,7,7,-27.656902313232422,98.65809631347656,15.14317512512207,-37.52268333435059,92.50331611633301,-26.687183380126957,81.66781616210938,-16.102182388305664,63.417816162109375,1.0,0,above_max,0.0,6.154780197143552
2022-01-02 18:00:00,cma,u700,0,7,7,-39.07932662963867,40.005672454833984,3.0387799739837646,-38.12271099090576,46.57329349517822,-31.06471061706543,39.51529312133789,-13.54471206665039,27.97528839111328,1.0,0,below_min,0.956615638732913,0.0
2022-01-02 18:00:00,cma,v50,0,7,7,-43.69811248779297,56.36188507080078,0.058322884142398834,-30.524716949462892,36.77367935180664,-24.91651725769043,31.16547966003418,-18.581018447875977,22.86298105239868,1.0,0,below_min;above_max,13.173395538330077,19.58820571899414
2022-01-02 18:00:00,cma,v100,0,7,7,-32.535980224609375,36.499019622802734,-0.1417367309331894,-27.414196968078617,32.050002098083496,-22.45884704589844,27.09465217590332,-16.778846740722656,16.470958366394036,1.0,0,below_min;above_max,5.121783256530758,4.449017524719238
2022-01-02 18:00:00,cma,v150,0,7,7,-37.61701583862305,41.73798751831055,0.15382258594036102,-34.94914302825928,46.020857429504396,-28.201642990112305,39.27335739135742,-19.726642608642575,22.943359375,1.0,0,below_min,2.667872810363768,0.0
2022-01-02 18:00:00,cma,v200,0,7,7,-57.35415267944336,53.42584228515625,0.3484048843383789,-50.31730079650879,61.060697555541985,-41.03580093383789,51.77919769287109,-25.96080017089844,28.44419860839844,1.0,0,below_min,7.03685188293457,0.0
2022-01-02 18:00:00,cma,v250,0,7,7,-61.892879486083984,62.9121208190918,0.3218754827976227,-57.60447769165039,63.16352157592773,-47.54047775268555,53.09952163696289,-30.575477600097656,33.5575741195678,1.0,0,below_min,4.288401794433597,0.0
2022-01-02 18:00:00,cma,v400,0,7,7,-67.09550476074219,59.259498596191406,0.10757351666688919,-59.223367309570314,64.14263305664062,-48.942867279052734,53.86213302612305,-27.602867126464844,27.60213279724121,1.0,0,below_min,7.872137451171874,0.0
2022-01-02 18:00:00,cma,v500,0,7,7,-60.59821319580078,49.4667854309082,0.039602603763341904,-45.70456199645996,46.10143928527832,-38.05406188964844,38.4509391784668,-23.104063034057617,22.74593734741211,1.0,0,below_min;above_max,14.893651199340823,3.3653461456298857
2022-01-02 18:00:00,cma,v600,0,7,7,-55.8826789855957,44.14731979370117,0.0077849337831139565,-36.2928804397583,38.20011653900146,-30.08513069152832,31.992366790771484,-19.387240676879884,19.150478839874253,1.0,0,below_min;above_max,19.589798545837404,5.9472032546997085
2022-01-02 18:00:00,cma,v700,0,7,7,-47.09125518798828,40.88874435424805,-0.023160358890891075,-37.889457893371585,41.16053981781006,-31.301958084106445,34.57304000854492,-16.531959533691406,17.1230411529541,1.0,0,below_min,9.201797294616696,0.0
2022-01-02 18:00:00,cma,v850,0,7,7,-43.41789627075195,41.23210144042969,-0.17874757945537567,-43.882645797729495,41.05935401916504,-36.80414581298828,33.98085403442383,-15.119146347045898,16.788903827667166,1.0,0,above_max,0.0,0.1727474212646456
2022-01-02 18:00:00,cma,v925,0,7,7,-42.521663665771484,42.003334045410156,-0.2394251823425293,-43.24247150421142,38.46552639007569,-36.4334716796875,31.65652656555176,-16.23847198486328,17.4415283203125,1.0,0,above_max,0.0,3.5378076553344684
2022-01-02 18:00:00,cma,msl,0,7,7,95299.4453125,105170.4453125,101068.234375,95351.4828125,105582.5328125,96204.0703125,104729.9453125,96952.4453125,103989.3203125,1.0,0,below_min,52.03750000000582,0.0
2022-01-03 00:00:00,cma,z850,1,0,8,9266.87890625,18069.328125,13874.12890625,8903.49169921875,16602.69287109375,9545.091796875,15961.0927734375,10216.357421875,15501.6513671875,1.0,0,above_max,0.0,1466.63525390625
2022-01-03 00:00:00,cma,z925,1,0,8,2555.48828125,12053.228515625,7211.8603515625,2460.5858154296875,9915.777709960938,3081.851806640625,9294.51171875,3673.682861328125,8815.8974609375,1.0,0,above_max,0.0,2137.4508056640625
2022-01-03 00:00:00,cma,z1000,1,0,8,-3442.0830078125,6503.33056640625,1069.113037109375,-3704.9665771484374,4229.005395507813,-3043.80224609375,3567.841064453125,-2445.5966796875,2886.279052734375,1.0,0,above_max,0.0,2274.325170898437
2022-01-03 00:00:00,cma,t50,1,0,8,191.80499267578125,244.35501098632812,213.8468780517578,184.55128631591796,244.06768646240235,189.510986328125,239.1079864501953,191.48898315429688,237.56298828125,1.0,0,above_max,0.0,0.28732452392577557
2022-01-03 00:00:00,cma,u150,1,0,8,-30.453773498535156,87.24622344970703,14.467580795288086,-45.561387634277345,82.8806167602539,-34.857887268066406,72.17711639404297,-21.327884674072266,56.14711380004883,1.0,0,above_max,0.0,4.365606689453131
2022-01-03 00:00:00,cma,u200,1,0,8,-25.7515869140625,96.47840881347656,15.24855899810791,-37.52268333435059,92.50331611633301,-26.687183380126957,81.66781616210938,-16.102182388305664,63.417816162109375,1.0,0,above_max,0.0,3.975092697143552
2022-01-03 00:00:00,cma,u600,1,0,8,-31.59115982055664,59.03384017944336,4.82161283493042,-45.47961158752442,57.45639152526856,-36.901611328125,48.87839126586914,-14.841609954833984,33.9833869934082,1.0,0,above_max,0.0,1.5774486541748018
2022-01-03 00:00:00,cma,v50,1,0,8,-44.33725357055664,55.00774383544922,0.13826414942741394,-30.524716949462892,36.77367935180664,-24.91651725769043,31.16547966003418,-18.581018447875977,22.86298105239868,1.0,0,below_min;above_max,13.812536621093749,18.234064483642577
2022-01-03 00:00:00,cma,v100,1,0,8,-28.672832489013672,38.07217025756836,-0.2247835099697113,-27.414196968078617,32.050002098083496,-22.45884704589844,27.09465217590332,-16.778846740722656,16.470958366394036,1.0,0,below_min;above_max,1.258635520935055,6.022168159484863
2022-01-03 00:00:00,cma,v150,1,0,8,-37.35812759399414,45.27187728881836,0.08818615227937698,-34.94914302825928,46.020857429504396,-28.201642990112305,39.27335739135742,-19.726642608642575,22.943359375,1.0,0,below_min,2.408984565734862,0.0
2022-01-03 00:00:00,cma,v200,1,0,8,-54.76036071777344,48.43964385986328,0.36781346797943115,-50.31730079650879,61.060697555541985,-41.03580093383789,51.77919769287109,-25.96080017089844,28.44419860839844,1.0,0,below_min,4.443059921264648,0.0
2022-01-03 00:00:00,cma,v250,1,0,8,-61.03939437866211,58.585601806640625,0.26185882091522217,-57.60447769165039,63.16352157592773,-47.54047775268555,53.09952163696289,-30.575477600097656,33.5575741195678,1.0,0,below_min,3.4349166870117216,0.0
2022-01-03 00:00:00,cma,v300,1,0,8,-62.86293411254883,66.85707092285156,0.17999529838562012,-63.88097305297852,64.92703170776367,-53.14697265625,54.19303131103516,-30.54197120666504,33.32607688903801,1.0,0,above_max,0.0,1.9300392150878878
2022-01-03 00:00:00,cma,v400,1,0,8,-66.00900268554688,56.340999603271484,0.11572393774986267,-59.223367309570314,64.14263305664062,-48.942867279052734,53.86213302612305,-27.602867126464844,27.60213279724121,1.0,0,below_min,6.785635375976561,0.0
2022-01-03 00:00:00,cma,v500,1,0,8,-58.774635314941406,55.67536544799805,0.1024225503206253,-45.70456199645996,46.10143928527832,-38.05406188964844,38.4509391784668,-23.104063034057617,22.74593734741211,1.0,0,below_min;above_max,13.070073318481448,9.57392616271973
2022-01-03 00:00:00,cma,v600,1,0,8,-49.551666259765625,44.24333572387695,0.058572523295879364,-36.2928804397583,38.20011653900146,-30.08513069152832,31.992366790771484,-19.387240676879884,19.150478839874253,1.0,0,below_min;above_max,13.258785820007326,6.04321918487549
2022-01-03 00:00:00,cma,v700,1,0,8,-40.00457763671875,41.89042282104492,-0.008228614926338196,-37.889457893371585,41.16053981781006,-31.301958084106445,34.57304000854492,-16.531959533691406,17.1230411529541,1.0,0,below_min;above_max,2.115119743347165,0.7298830032348604
2022-01-03 00:00:00,cma,v850,1,0,8,-38.8380012512207,42.77699661254883,-0.34434032440185547,-43.882645797729495,41.05935401916504,-36.80414581298828,33.98085403442383,-15.119146347045898,16.788903827667166,1.0,0,above_max,0.0,1.7176425933837862
2022-01-03 00:00:00,cma,v925,1,0,8,-41.472862243652344,40.52214050292969,-0.41444703936576843,-43.24247150421142,38.46552639007569,-36.4334716796875,31.65652656555176,-16.23847198486328,17.4415283203125,1.0,0,above_max,0.0,2.0566141128539996
2022-01-03 00:00:00,cma,r150,1,0,8,0.0,124.22500610351562,23.797502517700195,-10.0,110.0,0.0,100.0,0.2749996185302734,100.0,1.0,0,above_max,0.0,14.225006103515625
2022-01-03 00:00:00,cma,r300,1,0,8,0.0,114.87999725341797,46.724910736083984,-10.0,110.0,0.0,100.0,0.0600013732910156,100.0,1.0,0,above_max,0.0,4.879997253417969
2022-01-03 06:00:00,cma,z850,1,1,9,9287.779296875,17649.908203125,13869.95703125,8903.49169921875,16602.69287109375,9545.091796875,15961.0927734375,10216.357421875,15501.6513671875,1.0,0,above_max,0.0,1047.21533203125
2022-01-03 06:00:00,cma,z925,1,1,9,2605.68212890625,11541.5009765625,7205.3271484375,2460.5858154296875,9915.777709960938,3081.851806640625,9294.51171875,3673.682861328125,8815.8974609375,1.0,0,above_max,0.0,1625.7232666015625
2022-01-03 06:00:00,cma,z1000,1,1,9,-3387.33154296875,5906.9208984375,1060.2413330078125,-3704.9665771484374,4229.005395507813,-3043.80224609375,3567.841064453125,-2445.5966796875,2886.279052734375,1.0,0,above_max,0.0,1677.9155029296871
2022-01-03 06:00:00,cma,t50,1,1,9,191.42124938964844,244.19476318359375,213.83074951171875,184.55128631591796,244.06768646240235,189.510986328125,239.1079864501953,191.48898315429688,237.56298828125,1.0,0,above_max,0.0,0.12707672119140057
2022-01-03 06:00:00,cma,u150,1,1,9,-25.73516845703125,85.87982940673828,14.459334373474121,-45.561387634277345,82.8806167602539,-34.857887268066406,72.17711639404297,-21.327884674072266,56.14711380004883,1.0,0,above_max,0.0,2.9992126464843807
2022-01-03 06:00:00,cma,u200,1,1,9,-29.23697280883789,101.81301879882812,15.246838569641113,-37.52268333435059,92.50331611633301,-26.687183380126957,81.66781616210938,-16.102182388305664,63.417816162109375,1.0,0,above_max,0.0,9.309702682495114
2022-01-03 06:00:00,cma,u300,1,1,9,-32.242767333984375,102.49223327636719,12.468509674072266,-54.84320907592773,100.00479202270508,-41.939208984375,87.10079193115234,-18.879207611083984,60.71079254150391,1.0,0,above_max,0.0,2.487441253662112
2022-01-03 06:00:00,cma,u600,1,1,9,-28.496170043945312,58.233829498291016,4.768382549285889,-45.47961158752442,57.45639152526856,-36.901611328125,48.87839126586914,-14.841609954833984,33.9833869934082,1.0,0,above_max,0.0,0.7774379730224581
2022-01-03 06:00:00,cma,v50,1,1,9,-46.138511657714844,55.34648895263672,0.2534034252166748,-30.524716949462892,36.77367935180664,-24.91651725769043,31.16547966003418,-18.581018447875977,22.86298105239868,1.0,0,below_min;above_max,15.613794708251952,18.572809600830077
2022-01-03 06:00:00,cma,v100,1,1,9,-27.606409072875977,41.35359191894531,-0.1602454036474228,-27.414196968078617,32.050002098083496,-22.45884704589844,27.09465217590332,-16.778846740722656,16.470958366394036,1.0,0,below_min;above_max,0.19221210479735973,9.303589820861816
2022-01-03 06:00:00,cma,v150,1,1,9,-37.03423309326172,38.19576644897461,0.1517796367406845,-34.94914302825928,46.020857429504396,-28.201642990112305,39.27335739135742,-19.726642608642575,22.943359375,1.0,0,below_min,2.08509006500244,0.0
2022-01-03 06:00:00,cma,v200,1,1,9,-53.54340362548828,54.05659866333008,0.36683061718940735,-50.31730079650879,61.060697555541985,-41.03580093383789,51.77919769287109,-25.96080017089844,28.44419860839844,1.0,0,below_min,3.226102828979492,0.0
2022-01-03 06:00:00,cma,v250,1,1,9,-65.26399993896484,66.40599822998047,0.3561111092567444,-57.60447769165039,63.16352157592773,-47.54047775268555,53.09952163696289,-30.575477600097656,33.5575741195678,1.0,0,below_min;above_max,7.659522247314456,3.242476654052737
2022-01-03 06:00:00,cma,v300,1,1,9,-62.628326416015625,71.42667388916016,0.29633602499961853,-63.88097305297852,64.92703170776367,-53.14697265625,54.19303131103516,-30.54197120666504,33.32607688903801,1.0,0,above_max,0.0,6.4996421813964815
2022-01-03 06:00:00,cma,v400,1,1,9,-61.94863510131836,55.986366271972656,0.2267112284898758,-59.223367309570314,64.14263305664062,-48.942867279052734,53.86213302612305,-27.602867126464844,27.60213279724121,1.0,0,below_min,2.7252677917480455,0.0
2022-01-03 06:00:00,cma,v500,1,1,9,-56.58351516723633,50.15648651123047,0.10338250547647476,-45.70456199645996,46.10143928527832,-38.05406188964844,38.4509391784668,-23.104063034057617,22.74593734741211,1.0,0,below_min;above_max,10.87895317077637,4.055047225952151
2022-01-03 06:00:00,cma,v600,1,1,9,-48.99399948120117,41.805999755859375,0.006922396831214428,-36.2928804397583,38.20011653900146,-30.08513069152832,31.992366790771484,-19.387240676879884,19.150478839874253,1.0,0,below_min;above_max,12.701119041442873,3.6058832168579116
2022-01-03 06:00:00,cma,v700,1,1,9,-38.43105697631836,46.188941955566406,-0.0779714435338974,-37.889457893371585,41.16053981781006,-31.301958084106445,34.57304000854492,-16.531959533691406,17.1230411529541,1.0,0,below_min;above_max,0.5415990829467745,5.028402137756345
2022-01-03 06:00:00,cma,v850,1,1,9,-45.93303680419922,48.6469612121582,-0.3575045168399811,-43.882645797729495,41.05935401916504,-36.80414581298828,33.98085403442383,-15.119146347045898,16.788903827667166,1.0,0,below_min;above_max,2.0503910064697237,7.587607192993161
2022-01-03 06:00:00,cma,v925,1,1,9,-43.3447265625,48.47527313232422,-0.4580778479576111,-43.24247150421142,38.46552639007569,-36.4334716796875,31.65652656555176,-16.23847198486328,17.4415283203125,1.0,0,below_min;above_max,0.10225505828857706,10.009746742248531
2022-01-03 06:00:00,cma,v1000,1,1,9,-31.17721939086914,30.031282424926758,-0.4390413463115692,-32.451983261108396,28.39401893615723,-27.38148307800293,23.32351875305176,-13.344288482666016,11.940017700195312,1.0,0,above_max,0.0,1.637263488769527
2022-01-03 06:00:00,cma,r150,1,1,9,0.0,128.97000122070312,24.24278450012207,-10.0,110.0,0.0,100.0,0.2749996185302734,100.0,1.0,0,above_max,0.0,18.970001220703125
2022-01-03 06:00:00,cma,r300,1,1,9,0.0,115.63999938964844,47.25443649291992,-10.0,110.0,0.0,100.0,0.0600013732910156,100.0,1.0,0,above_max,0.0,5.6399993896484375
2022-01-03 12:00:00,cma,z850,1,2,10,9399.93359375,17395.294921875,13877.5869140625,8903.49169921875,16602.69287109375,9545.091796875,15961.0927734375,10216.357421875,15501.6513671875,1.0,0,above_max,0.0,792.60205078125
2022-01-03 12:00:00,cma,z925,1,2,10,2763.94384765625,11261.896484375,7212.6904296875,2460.5858154296875,9915.777709960938,3081.851806640625,9294.51171875,3673.682861328125,8815.8974609375,1.0,0,above_max,0.0,1346.1187744140625
2022-01-03 12:00:00,cma,z1000,1,2,10,-3149.82958984375,5604.0771484375,1066.0166015625,-3704.9665771484374,4229.005395507813,-3043.80224609375,3567.841064453125,-2445.5966796875,2886.279052734375,1.0,0,above_max,0.0,1375.0717529296871
2022-01-03 12:00:00,cma,u50,1,2,10,-27.29865074157715,54.696346282958984,3.991978645324707,-27.29123706817627,56.51075954437257,-20.307737350463867,49.52725982666016,-13.38273811340332,41.62726211547852,1.0,0,below_min,0.007413673400879617,0.0
2022-01-03 12:00:00,cma,u100,1,2,10,-49.57232666015625,58.737674713134766,10.41431713104248,-45.00710220336914,69.97689743041992,-35.42510223388672,60.3948974609375,-21.34510040283203,42.28489685058594,1.0,0,below_min,4.5652244567871065,0.0
2022-01-03 12:00:00,cma,u150,1,2,10,-27.622135162353516,87.60786437988281,14.42294979095459,-45.561387634277345,82.8806167602539,-34.857887268066406,72.17711639404297,-21.327884674072266,56.14711380004883,1.0,0,above_max,0.0,4.727247619628912
2022-01-03 12:00:00,cma,u200,1,2,10,-31.256698608398438,105.02828979492188,15.304557800292969,-37.52268333435059,92.50331611633301,-26.687183380126957,81.66781616210938,-16.102182388305664,63.417816162109375,1.0,0,above_max,0.0,12.524973678588864
2022-01-03 12:00:00,cma,u300,1,2,10,-35.28361511230469,100.59637451171875,12.397634506225586,-54.84320907592773,100.00479202270508,-41.939208984375,87.10079193115234,-18.879207611083984,60.71079254150391,1.0,0,above_max,0.0,0.5915824890136747
2022-01-03 12:00:00,cma,u700,1,2,10,-30.579347610473633,47.020652770996094,2.9839487075805664,-38.12271099090576,46.57329349517822,-31.06471061706543,39.51529312133789,-13.54471206665039,27.97528839111328,1.0,0,above_max,0.0,0.44735927581787394
2022-01-03 12:00:00,cma,v50,1,2,10,-51.59700012207031,56.4530029296875,0.16764768958091736,-30.524716949462892,36.77367935180664,-24.91651725769043,31.16547966003418,-18.581018447875977,22.86298105239868,1.0,0,below_min;above_max,21.07228317260742,19.679323577880858
2022-01-03 12:00:00,cma,v100,1,2,10,-30.171058654785156,42.043941497802734,0.041581131517887115,-27.414196968078617,32.050002098083496,-22.45884704589844,27.09465217590332,-16.778846740722656,16.470958366394036,1.0,0,below_min;above_max,2.7568616867065394,9.993939399719238
2022-01-03 12:00:00,cma,v150,1,2,10,-42.022987365722656,43.04701232910156,0.3031674027442932,-34.94914302825928,46.020857429504396,-28.201642990112305,39.27335739135742,-19.726642608642575,22.943359375,1.0,0,below_min,7.0738443374633775,0.0
2022-01-03 12:00:00,cma,v300,1,2,10,-63.19874572753906,72.17625427246094,0.19661518931388855,-63.88097305297852,64.92703170776367,-53.14697265625,54.19303131103516,-30.54197120666504,33.32607688903801,1.0,0,above_max,0.0,7.249222564697263
2022-01-03 12:00:00,cma,v400,1,2,10,-64.86032104492188,60.96967697143555,0.11106297373771667,-59.223367309570314,64.14263305664062,-48.942867279052734,53.86213302612305,-27.602867126464844,27.60213279724121,1.0,0,below_min,5.636953735351561,0.0
2022-01-03 12:00:00,cma,v500,1,2,10,-56.60885238647461,52.176143646240234,0.14129158854484558,-45.70456199645996,46.10143928527832,-38.05406188964844,38.4509391784668,-23.104063034057617,22.74593734741211,1.0,0,below_min;above_max,10.904290390014651,6.074704360961917
2022-01-03 12:00:00,cma,v600,1,2,10,-44.174591064453125,43.12041091918945,0.04387521743774414,-36.2928804397583,38.20011653900146,-30.08513069152832,31.992366790771484,-19.387240676879884,19.150478839874253,1.0,0,below_min;above_max,7.881710624694826,4.92029438018799
2022-01-03 12:00:00,cma,v700,1,2,10,-39.20002365112305,41.139976501464844,-0.06281908601522446,-37.889457893371585,41.16053981781006,-31.301958084106445,34.57304000854492,-16.531959533691406,17.1230411529541,1.0,0,below_min,1.310565757751462,0.0
2022-01-03 12:00:00,cma,v850,1,2,10,-44.23601150512695,53.35398864746094,-0.30887943506240845,-43.882645797729495,41.05935401916504,-36.80414581298828,33.98085403442383,-15.119146347045898,16.788903827667166,1.0,0,below_min;above_max,0.3533657073974581,12.294634628295896
2022-01-03 12:00:00,cma,v925,1,2,10,-41.4888801574707,48.336116790771484,-0.4041118919849396,-43.24247150421142,38.46552639007569,-36.4334716796875,31.65652656555176,-16.23847198486328,17.4415283203125,1.0,0,above_max,0.0,9.870590400695797
2022-01-03 12:00:00,cma,r150,1,2,10,0.0,124.06000518798828,24.065969467163086,-10.0,110.0,0.0,100.0,0.2749996185302734,100.0,1.0,0,above_max,0.0,14.060005187988281
2022-01-03 12:00:00,cma,r200,1,2,10,0.0,119.81500244140625,31.896133422851562,-10.0,110.0,0.0,100.0,0.7600021362304688,100.0,1.0,0,above_max,0.0,9.81500244140625
2022-01-03 12:00:00,cma,r250,1,2,10,-12.515003204345703,132.95501708984375,40.538387298583984,-10.0,110.0,0.0,100.0,0.2599983215332031,100.0,1.0,0,below_min;above_max,2.515003204345703,22.95501708984375
2022-01-03 12:00:00,cma,r300,1,2,10,0.0,125.23500061035156,47.23494338989258,-10.0,110.0,0.0,100.0,0.0600013732910156,100.0,1.0,0,above_max,0.0,15.235000610351562
2022-01-03 18:00:00,cma,z850,1,3,11,9585.810546875,17685.123046875,13879.1259765625,8903.49169921875,16602.69287109375,9545.091796875,15961.0927734375,10216.357421875,15501.6513671875,1.0,0,above_max,0.0,1082.43017578125
2022-01-03 18:00:00,cma,z925,1,3,11,2986.21044921875,11583.2099609375,7212.80615234375,2460.5858154296875,9915.777709960938,3081.851806640625,9294.51171875,3673.682861328125,8815.8974609375,1.0,0,above_max,0.0,1667.4322509765625
2022-01-03 18:00:00,cma,z1000,1,3,11,-2931.087646484375,5953.24658203125,1068.822265625,-3704.9665771484374,4229.005395507813,-3043.80224609375,3567.841064453125,-2445.5966796875,2886.279052734375,1.0,0,above_max,0.0,1724.2411865234371
2022-01-03 18:00:00,cma,t250,1,3,11,203.8226318359375,243.71914672851562,222.23548889160156,199.91574401855465,242.15813903808595,203.4359436035156,238.637939453125,205.2699279785156,234.98043823242188,1.0,0,above_max,0.0,1.5610076904296761
2022-01-03 18:00:00,cma,u50,1,3,11,-27.839982986450195,56.955013275146484,4.029236793518066,-27.29123706817627,56.51075954437257,-20.307737350463867,49.52725982666016,-13.38273811340332,41.62726211547852,1.0,0,below_min;above_max,0.5487459182739265,0.44425373077391583
2022-01-03 18:00:00,cma,u150,1,3,11,-27.4161376953125,87.40386199951172,14.468583106994629,-45.561387634277345,82.8806167602539,-34.857887268066406,72.17711639404297,-21.327884674072266,56.14711380004883,1.0,0,above_max,0.0,4.523245239257818
2022-01-03 18:00:00,cma,u200,1,3,11,-30.79035186767578,104.07464599609375,15.270966529846191,-37.52268333435059,92.50331611633301,-26.687183380126957,81.66781616210938,-16.102182388305664,63.417816162109375,1.0,0,above_max,0.0,11.57132987976074
2022-01-03 18:00:00,cma,v50,1,3,11,-49.127593994140625,53.337406158447266,0.06053616851568222,-30.524716949462892,36.77367935180664,-24.91651725769043,31.16547966003418,-18.581018447875977,22.86298105239868,1.0,0,below_min;above_max,18.602877044677733,16.563726806640624
2022-01-03 18:00:00,cma,v100,1,3,11,-30.3532657623291,46.651737213134766,-0.007048888131976128,-27.414196968078617,32.050002098083496,-22.45884704589844,27.09465217590332,-16.778846740722656,16.470958366394036,1.0,0,below_min;above_max,2.9390687942504847,14.60173511505127
2022-01-03 18:00:00,cma,v150,1,3,11,-39.6300163269043,40.674983978271484,0.297018438577652,-34.94914302825928,46.020857429504396,-28.201642990112305,39.27335739135742,-19.726642608642575,22.943359375,1.0,0,below_min,4.680873298645018,0.0
2022-01-03 18:00:00,cma,v200,1,3,11,-51.22435760498047,55.26064682006836,0.4394884705543518,-50.31730079650879,61.060697555541985,-41.03580093383789,51.77919769287109,-25.96080017089844,28.44419860839844,1.0,0,below_min,0.9070568084716797,0.0
2022-01-03 18:00:00,cma,v250,1,3,11,-53.03412628173828,63.47087478637695,0.341861754655838,-57.60447769165039,63.16352157592773,-47.54047775268555,53.09952163696289,-30.575477600097656,33.5575741195678,1.0,0,above_max,0.0,0.3073532104492216
2022-01-03 18:00:00,cma,v300,1,3,11,-59.2181282043457,67.11687469482422,0.20302575826644897,-63.88097305297852,64.92703170776367,-53.14697265625,54.19303131103516,-30.54197120666504,33.32607688903801,1.0,0,above_max,0.0,2.189842987060544
2022-01-03 18:00:00,cma,v400,1,3,11,-62.03571319580078,61.864288330078125,0.08426501601934433,-59.223367309570314,64.14263305664062,-48.942867279052734,53.86213302612305,-27.602867126464844,27.60213279724121,1.0,0,below_min,2.8123458862304673,0.0
2022-01-03 18:00:00,cma,v500,1,3,11,-52.763671875,53.026329040527344,0.026642968878149986,-45.70456199645996,46.10143928527832,-38.05406188964844,38.4509391784668,-23.104063034057617,22.74593734741211,1.0,0,below_min;above_max,7.059109878540042,6.924889755249026
2022-01-03 18:00:00,cma,v600,1,3,11,-42.546043395996094,39.898956298828125,-0.06386717408895493,-36.2928804397583,38.20011653900146,-30.08513069152832,31.992366790771484,-19.387240676879884,19.150478839874253,1.0,0,below_min;above_max,6.253162956237794,1.6988397598266616
2022-01-03 18:00:00,cma,v700,1,3,11,-35.015785217285156,50.73421859741211,-0.06169750541448593,-37.889457893371585,41.16053981781006,-31.301958084106445,34.57304000854492,-16.531959533691406,17.1230411529541,1.0,0,above_max,0.0,9.573678779602048
2022-01-03 18:00:00,cma,v850,1,3,11,-39.06779098510742,53.44721221923828,-0.28245601058006287,-43.882645797729495,41.05935401916504,-36.80414581298828,33.98085403442383,-15.119146347045898,16.788903827667166,1.0,0,above_max,0.0,12.38785820007324
2022-01-03 18:00:00,cma,v925,1,3,11,-37.16060256958008,43.06939697265625,-0.3772686719894409,-43.24247150421142,38.46552639007569,-36.4334716796875,31.65652656555176,-16.23847198486328,17.4415283203125,1.0,0,above_max,0.0,4.603870582580562
2022-01-03 18:00:00,cma,r200,1,3,11,0.0,120.45999908447266,32.678749084472656,-10.0,110.0,0.0,100.0,0.7600021362304688,100.0,1.0,0,above_max,0.0,10.459999084472656
2022-01-03 18:00:00,cma,r300,1,3,11,0.0,141.10501098632812,48.09502410888672,-10.0,110.0,0.0,100.0,0.0600013732910156,100.0,1.0,0,above_max,0.0,31.105010986328125
2022-01-03 18:00:00,cma,r500,1,3,11,0.0,115.9000015258789,49.13445281982422,-10.0,110.0,0.0,100.0,0.0050010681152343,100.0,1.0,0,above_max,0.0,5.900001525878906
2022-01-04 00:00:00,cma,z850,1,4,12,9845.10546875,17514.396484375,13867.6337890625,8903.49169921875,16602.69287109375,9545.091796875,15961.0927734375,10216.357421875,15501.6513671875,1.0,0,above_max,0.0,911.70361328125
2022-01-04 00:00:00,cma,z925,1,4,12,3161.6767578125,11385.533203125,7206.5205078125,2460.5858154296875,9915.777709960938,3081.851806640625,9294.51171875,3673.682861328125,8815.8974609375,1.0,0,above_max,0.0,1469.7554931640625
2022-01-04 00:00:00,cma,z1000,1,4,12,-2825.860595703125,5731.42236328125,1068.965087890625,-3704.9665771484374,4229.005395507813,-3043.80224609375,3567.841064453125,-2445.5966796875,2886.279052734375,1.0,0,above_max,0.0,1502.4169677734371
2022-01-04 00:00:00,cma,t250,1,4,12,203.59735107421875,245.22885131835938,222.27511596679688,199.91574401855465,242.15813903808595,203.4359436035156,238.637939453125,205.2699279785156,234.98043823242188,1.0,0,above_max,0.0,3.070712280273426
2022-01-04 00:00:00,cma,u50,1,4,12,-28.23207664489746,56.59292221069336,4.139573574066162,-27.29123706817627,56.51075954437257,-20.307737350463867,49.52725982666016,-13.38273811340332,41.62726211547852,1.0,0,below_min;above_max,0.9408395767211921,0.08216266632079083
2022-01-04 00:00:00,cma,u150,1,4,12,-26.48049545288086,87.22949981689453,14.581419944763184,-45.561387634277345,82.8806167602539,-34.857887268066406,72.17711639404297,-21.327884674072266,56.14711380004883,1.0,0,above_max,0.0,4.348883056640631
2022-01-04 00:00:00,cma,u200,1,4,12,-32.284095764160156,104.94590759277344,15.450783729553223,-37.52268333435059,92.50331611633301,-26.687183380126957,81.66781616210938,-16.102182388305664,63.417816162109375,1.0,0,above_max,0.0,12.442591476440427
2022-01-04 00:00:00,cma,u700,1,4,12,-40.16139221191406,40.008602142333984,2.9525041580200195,-38.12271099090576,46.57329349517822,-31.06471061706543,39.51529312133789,-13.54471206665039,27.97528839111328,1.0,0,below_min,2.0386812210083036,0.0
2022-01-04 00:00:00,cma,u850,1,4,12,-46.71149826049805,33.593502044677734,0.7048180103302002,-42.08315887451172,47.05283966064454,-34.65515899658203,39.62483978271485,-14.66515827178955,22.514841079711918,1.0,0,below_min,4.6283393859863295,0.0
2022-01-04 00:00:00,cma,u1000,1,4,12,-29.240325927734375,24.990171432495117,-0.3159961700439453,-28.249113845825196,32.75948600769043,-23.165063858032227,27.67543601989746,-13.008063316345217,14.073935508728027,1.0,0,below_min,0.991212081909179,0.0
2022-01-04 00:00:00,cma,v50,1,4,12,-50.61668395996094,54.00331497192383,-0.01981889083981514,-30.524716949462892,36.77367935180664,-24.91651725769043,31.16547966003418,-18.581018447875977,22.86298105239868,1.0,0,below_min;above_max,20.091967010498045,17.229635620117186
2022-01-04 00:00:00,cma,v100,1,4,12,-33.02836990356445,45.461631774902344,0.0025915964506566525,-27.414196968078617,32.050002098083496,-22.45884704589844,27.09465217590332,-16.778846740722656,16.470958366394036,1.0,0,below_min;above_max,5.614172935485836,13.411629676818848
2022-01-04 00:00:00,cma,v150,1,4,12,-40.20859146118164,39.361412048339844,0.17057737708091736,-34.94914302825928,46.020857429504396,-28.201642990112305,39.27335739135742,-19.726642608642575,22.943359375,1.0,0,below_min,5.259448432922362,0.0
2022-01-04 00:00:00,cma,v200,1,4,12,-50.3399543762207,58.28504180908203,0.36044207215309143,-50.31730079650879,61.060697555541985,-41.03580093383789,51.77919769287109,-25.96080017089844,28.44419860839844,1.0,0,below_min,0.022653579711914062,0.0
2022-01-04 00:00:00,cma,v250,1,4,12,-55.14059066772461,69.32940673828125,0.25212419033050537,-57.60447769165039,63.16352157592773,-47.54047775268555,53.09952163696289,-30.575477600097656,33.5575741195678,1.0,0,above_max,0.0,6.1658851623535185
2022-01-04 00:00:00,cma,v300,1,4,12,-57.485206604003906,67.12979125976562,0.14391201734542847,-63.88097305297852,64.92703170776367,-53.14697265625,54.19303131103516,-30.54197120666504,33.32607688903801,1.0,0,above_max,0.0,2.2027595520019503
2022-01-04 00:00:00,cma,v500,1,4,12,-46.93059539794922,51.044403076171875,0.05944681167602539,-45.70456199645996,46.10143928527832,-38.05406188964844,38.4509391784668,-23.104063034057617,22.74593734741211,1.0,0,below_min;above_max,1.2260334014892607,4.9429637908935575
2022-01-04 00:00:00,cma,v600,1,4,12,-34.376991271972656,38.88300704956055,-0.026336653158068657,-36.2928804397583,38.20011653900146,-30.08513069152832,31.992366790771484,-19.387240676879884,19.150478839874253,1.0,0,above_max,0.0,0.6828905105590835
2022-01-04 00:00:00,cma,v700,1,4,12,-30.61612319946289,42.403873443603516,-0.01693517155945301,-37.889457893371585,41.16053981781006,-31.301958084106445,34.57304000854492,-16.531959533691406,17.1230411529541,1.0,0,above_max,0.0,1.2433336257934542
2022-01-04 00:00:00,cma,v850,1,4,12,-35.97525405883789,49.75474166870117,-0.2762735188007355,-43.882645797729495,41.05935401916504,-36.80414581298828,33.98085403442383,-15.119146347045898,16.788903827667166,1.0,0,above_max,0.0,8.69538764953613
2022-01-04 00:00:00,cma,v925,1,4,12,-39.383270263671875,42.78173065185547,-0.4233585298061371,-43.24247150421142,38.46552639007569,-36.4334716796875,31.65652656555176,-16.23847198486328,17.4415283203125,1.0,0,above_max,0.0,4.316204261779781
2022-01-04 00:00:00,cma,r150,1,4,12,-11.059999465942383,120.40499877929688,24.245220184326172,-10.0,110.0,0.0,100.0,0.2749996185302734,100.0,1.0,0,below_min;above_max,1.0599994659423828,10.404998779296875
2022-01-04 00:00:00,cma,r300,1,4,12,0.0,121.90499877929688,46.42799377441406,-10.0,110.0,0.0,100.0,0.0600013732910156,100.0,1.0,0,above_max,0.0,11.904998779296875
2022-01-04 00:00:00,cma,r500,1,4,12,0.0,118.73500061035156,49.3866081237793,-10.0,110.0,0.0,100.0,0.0050010681152343,100.0,1.0,0,above_max,0.0,8.735000610351562
2022-01-04 00:00:00,cma,r600,1,4,12,0.0,111.46499633789062,52.41957473754883,-10.0,110.0,0.0,100.0,0.0099983215332031,100.0,1.0,0,above_max,0.0,1.464996337890625
2022-01-04 00:00:00,cma,r700,1,4,12,-23.89999771118164,107.22000122070312,54.60670852661133,-10.0,110.0,0.0,100.0,0.1500015258789062,100.0,1.0,0,below_min,13.89999771118164,0.0
2022-01-04 00:00:00,cma,msl,1,4,12,96237.921875,105627.046875,101080.25,95351.4828125,105582.5328125,96204.0703125,104729.9453125,96952.4453125,103989.3203125,1.0,0,above_max,0.0,44.51406250000582
2022-01-04 06:00:00,cma,z850,1,5,13,9807.666015625,16968.482421875,13837.4306640625,8903.49169921875,16602.69287109375,9545.091796875,15961.0927734375,10216.357421875,15501.6513671875,1.0,0,above_max,0.0,365.78955078125
2022-01-04 06:00:00,cma,z925,1,5,13,3158.739501953125,10740.7509765625,7174.15380859375,2460.5858154296875,9915.777709960938,3081.851806640625,9294.51171875,3673.682861328125,8815.8974609375,1.0,0,above_max,0.0,824.9732666015625
2022-01-04 06:00:00,cma,z1000,1,5,13,-2790.49951171875,5005.296875,1037.1129150390625,-3704.9665771484374,4229.005395507813,-3043.80224609375,3567.841064453125,-2445.5966796875,2886.279052734375,1.0,0,above_max,0.0,776.2914794921871
2022-01-04 06:00:00,cma,t250,1,5,13,203.804443359375,244.3409423828125,222.25213623046875,199.91574401855465,242.15813903808595,203.4359436035156,238.637939453125,205.2699279785156,234.98043823242188,1.0,0,above_max,0.0,2.182803344726551
2022-01-04 06:00:00,cma,u50,1,5,13,-31.647249221801758,60.08774948120117,4.156554698944092,-27.29123706817627,56.51075954437257,-20.307737350463867,49.52725982666016,-13.38273811340332,41.62726211547852,1.0,0,below_min;above_max,4.356012153625489,3.5769899368286033
2022-01-04 06:00:00,cma,u150,1,5,13,-27.65972900390625,85.49526977539062,14.457103729248047,-45.561387634277345,82.8806167602539,-34.857887268066406,72.17711639404297,-21.327884674072266,56.14711380004883,1.0,0,above_max,0.0,2.6146530151367244
2022-01-04 06:00:00,cma,u200,1,5,13,-33.5713996887207,101.09359741210938,15.343382835388184,-37.52268333435059,92.50331611633301,-26.687183380126957,81.66781616210938,-16.102182388305664,63.417816162109375,1.0,0,above_max,0.0,8.590281295776364
2022-01-04 06:00:00,cma,u700,1,5,13,-46.35639190673828,40.49360275268555,3.100640058517456,-38.12271099090576,46.57329349517822,-31.06471061706543,39.51529312133789,-13.54471206665039,27.97528839111328,1.0,0,below_min,8.233680915832522,0.0
2022-01-04 06:00:00,cma,u850,1,5,13,-49.49652099609375,36.4334831237793,0.8541269302368164,-42.08315887451172,47.05283966064454,-34.65515899658203,39.62483978271485,-14.66515827178955,22.514841079711918,1.0,0,below_min,7.413362121582033,0.0
2022-01-04 06:00:00,cma,u925,1,5,13,-46.54159164428711,35.44340896606445,0.1850167065858841,-46.085906982421875,45.66009521484375,-38.440406799316406,38.01459503173828,-16.135404586791992,21.624595642089844,1.0,0,below_min,0.4556846618652344,0.0
2022-01-04 06:00:00,cma,u1000,1,5,13,-30.588844299316406,27.009653091430664,-0.17824485898017883,-28.249113845825196,32.75948600769043,-23.165063858032227,27.67543601989746,-13.008063316345217,14.073935508728027,1.0,0,below_min,2.3397304534912102,0.0
2022-01-04 06:00:00,cma,v50,1,5,13,-50.95844650268555,51.39155197143555,-0.048849206417798996,-30.524716949462892,36.77367935180664,-24.91651725769043,31.16547966003418,-18.581018447875977,22.86298105239868,1.0,0,below_min;above_max,20.433729553222655,14.617872619628905
2022-01-04 06:00:00,cma,v100,1,5,13,-36.97698974609375,45.27301025390625,0.07587984204292297,-27.414196968078617,32.050002098083496,-22.45884704589844,27.09465217590332,-16.778846740722656,16.470958366394036,1.0,0,below_min;above_max,9.562792778015133,13.223008155822754
2022-01-04 06:00:00,cma,v250,1,5,13,-51.240936279296875,68.9390640258789,0.2706798017024994,-57.60447769165039,63.16352157592773,-47.54047775268555,53.09952163696289,-30.575477600097656,33.5575741195678,1.0,0,above_max,0.0,5.775542449951175
2022-01-04 06:00:00,cma,v600,1,5,13,-36.09611129760742,40.70888900756836,-0.011111143045127392,-36.2928804397583,38.20011653900146,-30.08513069152832,31.992366790771484,-19.387240676879884,19.150478839874253,1.0,0,above_max,0.0,2.508772468566896
2022-01-04 06:00:00,cma,r150,1,5,13,-1.9200057983398438,114.625,24.151466369628906,-10.0,110.0,0.0,100.0,0.2749996185302734,100.0,1.0,0,above_max,0.0,4.625
2022-01-04 06:00:00,cma,r700,1,5,13,-25.15500259399414,100.0,54.066219329833984,-10.0,110.0,0.0,100.0,0.1500015258789062,100.0,1.0,0,below_min,15.15500259399414,0.0
2022-01-04 06:00:00,cma,u10m,1,5,13,-32.19816970825195,27.322830200195312,-0.2307661473751068,-29.907401847839353,35.473996925354,-24.45895195007324,30.02554702758789,-11.840758934020997,13.990546226501465,1.0,0,below_min,2.2907678604126005,0.0
2022-01-04 06:00:00,cma,msl,1,5,13,96259.09375,105676.59375,101037.8984375,95351.4828125,105582.5328125,96204.0703125,104729.9453125,96952.4453125,103989.3203125,1.0,0,above_max,0.0,94.06093750000582
2022-01-04 12:00:00,cma,z850,1,6,14,9927.279296875,17168.01953125,13815.4169921875,8903.49169921875,16602.69287109375,9545.091796875,15961.0927734375,10216.357421875,15501.6513671875,1.0,0,above_max,0.0,565.32666015625
2022-01-04 12:00:00,cma,z925,1,6,14,3291.480712890625,10896.0478515625,7150.7177734375,2460.5858154296875,9915.777709960938,3081.851806640625,9294.51171875,3673.682861328125,8815.8974609375,1.0,0,above_max,0.0,980.2701416015625
2022-01-04 12:00:00,cma,z1000,1,6,14,-2645.548828125,5110.53076171875,1010.9659423828125,-3704.9665771484374,4229.005395507813,-3043.80224609375,3567.841064453125,-2445.5966796875,2886.279052734375,1.0,0,above_max,0.0,881.5253662109371
2022-01-04 12:00:00,cma,t250,1,6,14,203.82382202148438,243.76083374023438,222.26405334472656,199.91574401855465,242.15813903808595,203.4359436035156,238.637939453125,205.2699279785156,234.98043823242188,1.0,0,above_max,0.0,1.6026947021484261
2022-01-04 12:00:00,cma,u50,1,6,14,-30.816652297973633,55.933349609375,4.327131271362305,-27.29123706817627,56.51075954437257,-20.307737350463867,49.52725982666016,-13.38273811340332,41.62726211547852,1.0,0,below_min,3.525415229797364,0.0
2022-01-04 12:00:00,cma,u150,1,6,14,-29.63949203491211,87.98550415039062,14.62222671508789,-45.561387634277345,82.8806167602539,-34.857887268066406,72.17711639404297,-21.327884674072266,56.14711380004883,1.0,0,above_max,0.0,5.104887390136724
2022-01-04 12:00:00,cma,u200,1,6,14,-30.37763214111328,102.95236206054688,15.447694778442383,-37.52268333435059,92.50331611633301,-26.687183380126957,81.66781616210938,-16.102182388305664,63.417816162109375,1.0,0,above_max,0.0,10.449045944213864
2022-01-04 12:00:00,cma,u700,1,6,14,-46.99230194091797,43.35269546508789,3.3331117630004883,-38.12271099090576,46.57329349517822,-31.06471061706543,39.51529312133789,-13.54471206665039,27.97528839111328,1.0,0,below_min,8.86959095001221,0.0
2022-01-04 12:00:00,cma,u850,1,6,14,-47.435325622558594,42.20467758178711,1.1292569637298584,-42.08315887451172,47.05283966064454,-34.65515899658203,39.62483978271485,-14.66515827178955,22.514841079711918,1.0,0,below_min,5.352166748046876,0.0
2022-01-04 12:00:00,cma,v50,1,6,14,-51.609554290771484,49.64544677734375,-0.21758970618247986,-30.524716949462892,36.77367935180664,-24.91651725769043,31.16547966003418,-18.581018447875977,22.86298105239868,1.0,0,below_min;above_max,21.084837341308592,12.871767425537108
2022-01-04 12:00:00,cma,v100,1,6,14,-38.18449783325195,44.59049987792969,0.001954667503014207,-27.414196968078617,32.050002098083496,-22.45884704589844,27.09465217590332,-16.778846740722656,16.470958366394036,1.0,0,below_min;above_max,10.770300865173336,12.540497779846191
2022-01-04 12:00:00,cma,v250,1,6,14,-56.10108947753906,63.98390579223633,0.21457397937774658,-57.60447769165039,63.16352157592773,-47.54047775268555,53.09952163696289,-30.575477600097656,33.5575741195678,1.0,0,above_max,0.0,0.8203842163085966
2022-01-04 12:00:00,cma,v300,1,6,14,-57.15165328979492,66.25334167480469,0.1697082817554474,-63.88097305297852,64.92703170776367,-53.14697265625,54.19303131103516,-30.54197120666504,33.32607688903801,1.0,0,above_max,0.0,1.3263099670410128
2022-01-04 12:00:00,cma,v600,1,6,14,-34.51773452758789,43.737266540527344,0.005010305438190699,-36.2928804397583,38.20011653900146,-30.08513069152832,31.992366790771484,-19.387240676879884,19.150478839874253,1.0,0,above_max,0.0,5.53715000152588
2022-01-04 12:00:00,cma,v700,1,6,14,-28.74704360961914,43.197959899902344,-0.0028124931268393993,-37.889457893371585,41.16053981781006,-31.301958084106445,34.57304000854492,-16.531959533691406,17.1230411529541,1.0,0,above_max,0.0,2.0374200820922823
2022-01-04 12:00:00,cma,r150,1,6,14,0.0,129.6649932861328,23.33550453186035,-10.0,110.0,0.0,100.0,0.2749996185302734,100.0,1.0,0,above_max,0.0,19.664993286132812
2022-01-04 12:00:00,cma,r700,1,6,14,-26.520000457763672,100.0,54.130577087402344,-10.0,110.0,0.0,100.0,0.1500015258789062,100.0,1.0,0,below_min,16.520000457763672,0.0
2022-01-04 18:00:00,cma,z850,1,7,15,10143.1025390625,17234.291015625,13786.650390625,8903.49169921875,16602.69287109375,9545.091796875,15961.0927734375,10216.357421875,15501.6513671875,1.0,0,above_max,0.0,631.59814453125
2022-01-04 18:00:00,cma,z925,1,7,15,3445.612060546875,10997.22265625,7121.923828125,2460.5858154296875,9915.777709960938,3081.851806640625,9294.51171875,3673.682861328125,8815.8974609375,1.0,0,above_max,0.0,1081.4449462890625
2022-01-04 18:00:00,cma,z1000,1,7,15,-2468.871337890625,5248.9619140625,987.0501098632812,-3704.9665771484374,4229.005395507813,-3043.80224609375,3567.841064453125,-2445.5966796875,2886.279052734375,1.0,0,above_max,0.0,1019.9565185546871
2022-01-04 18:00:00,cma,t250,1,7,15,204.28457641601562,242.39007568359375,222.3001251220703,199.91574401855465,242.15813903808595,203.4359436035156,238.637939453125,205.2699279785156,234.98043823242188,1.0,0,above_max,0.0,0.23193664550780113
2022-01-04 18:00:00,cma,u50,1,7,15,-30.327913284301758,57.05708312988281,4.438297748565674,-27.29123706817627,56.51075954437257,-20.307737350463867,49.52725982666016,-13.38273811340332,41.62726211547852,1.0,0,below_min;above_max,3.036676216125489,0.546323585510244
2022-01-04 18:00:00,cma,u150,1,7,15,-29.75412368774414,88.36587524414062,14.702244758605957,-45.561387634277345,82.8806167602539,-34.857887268066406,72.17711639404297,-21.327884674072266,56.14711380004883,1.0,0,above_max,0.0,5.485258483886724
2022-01-04 18:00:00,cma,u200,1,7,15,-33.056095123291016,106.35890197753906,15.553121566772461,-37.52268333435059,92.50331611633301,-26.687183380126957,81.66781616210938,-16.102182388305664,63.417816162109375,1.0,0,above_max,0.0,13.855585861206052
2022-01-04 18:00:00,cma,u250,1,7,15,-44.97016906738281,103.0748291015625,14.633892059326172,-50.39963340759277,102.46837043762207,-37.6606330871582,89.7293701171875,-16.55563735961914,64.45936584472656,1.0,0,above_max,0.0,0.6064586639404297
2022-01-04 18:00:00,cma,u700,1,7,15,-39.98284912109375,40.20714569091797,3.5394814014434814,-38.12271099090576,46.57329349517822,-31.06471061706543,39.51529312133789,-13.54471206665039,27.97528839111328,1.0,0,below_min,1.8601381301879911,0.0
2022-01-04 18:00:00,cma,v50,1,7,15,-51.77500534057617,45.38999557495117,-0.21805579960346222,-30.524716949462892,36.77367935180664,-24.91651725769043,31.16547966003418,-18.581018447875977,22.86298105239868,1.0,0,below_min;above_max,21.25028839111328,8.61631622314453
2022-01-04 18:00:00,cma,v100,1,7,15,-36.95085906982422,45.814144134521484,-0.05683967098593712,-27.414196968078617,32.050002098083496,-22.45884704589844,27.09465217590332,-16.778846740722656,16.470958366394036,1.0,0,below_min;above_max,9.536662101745602,13.764142036437988
2022-01-04 18:00:00,cma,v500,1,7,15,-42.28144073486328,51.2585563659668,-0.0320533849298954,-45.70456199645996,46.10143928527832,-38.05406188964844,38.4509391784668,-23.104063034057617,22.74593734741211,1.0,0,above_max,0.0,5.157117080688479
2022-01-04 18:00:00,cma,v600,1,7,15,-35.577056884765625,48.482940673828125,-0.01727955788373947,-36.2928804397583,38.20011653900146,-30.08513069152832,31.992366790771484,-19.387240676879884,19.150478839874253,1.0,0,above_max,0.0,10.282824134826662
2022-01-04 18:00:00,cma,v700,1,7,15,-33.03179168701172,44.48820877075195,-0.013448625802993774,-37.889457893371585,41.16053981781006,-31.301958084106445,34.57304000854492,-16.531959533691406,17.1230411529541,1.0,0,above_max,0.0,3.3276689529418917
2022-01-04 18:00:00,cma,v850,1,7,15,-33.57915115356445,42.07585144042969,-0.12862710654735565,-43.882645797729495,41.05935401916504,-36.80414581298828,33.98085403442383,-15.119146347045898,16.788903827667166,1.0,0,above_max,0.0,1.0164974212646456
2022-01-04 18:00:00,cma,v925,1,7,15,-33.646358489990234,44.05863952636719,-0.22026564180850983,-43.24247150421142,38.46552639007569,-36.4334716796875,31.65652656555176,-16.23847198486328,17.4415283203125,1.0,0,above_max,0.0,5.5931131362915
2022-01-04 18:00:00,cma,r150,1,7,15,0.0,129.5050048828125,23.531625747680664,-10.0,110.0,0.0,100.0,0.2749996185302734,100.0,1.0,0,above_max,0.0,19.5050048828125
2022-01-05 00:00:00,cma,z850,2,0,16,9566.828125,17475.890625,13778.3271484375,8903.49169921875,16602.69287109375,9545.091796875,15961.0927734375,10216.357421875,15501.6513671875,1.0,0,above_max,0.0,873.19775390625
2022-01-05 00:00:00,cma,z925,2,0,16,2927.971923828125,11369.046875,7120.12353515625,2460.5858154296875,9915.777709960938,3081.851806640625,9294.51171875,3673.682861328125,8815.8974609375,1.0,0,above_max,0.0,1453.2691650390625
2022-01-05 00:00:00,cma,z1000,2,0,16,-2986.899658203125,5735.13427734375,993.240966796875,-3704.9665771484374,4229.005395507813,-3043.80224609375,3567.841064453125,-2445.5966796875,2886.279052734375,1.0,0,above_max,0.0,1506.1288818359371
2022-01-05 00:00:00,cma,u150,2,0,16,-34.84705352783203,86.33794403076172,14.945761680603027,-45.561387634277345,82.8806167602539,-34.857887268066406,72.17711639404297,-21.327884674072266,56.14711380004883,1.0,0,above_max,0.0,3.457327270507818
2022-01-05 00:00:00,cma,u200,2,0,16,-35.5167121887207,100.41828918457031,15.832578659057617,-37.52268333435059,92.50331611633301,-26.687183380126957,81.66781616210938,-16.102182388305664,63.417816162109375,1.0,0,above_max,0.0,7.914973068237302
2022-01-05 00:00:00,cma,u700,2,0,16,-40.888282775878906,39.296722412109375,3.678046226501465,-38.12271099090576,46.57329349517822,-31.06471061706543,39.51529312133789,-13.54471206665039,27.97528839111328,1.0,0,below_min,2.7655717849731474,0.0
2022-01-05 00:00:00,cma,u850,2,0,16,-42.6934700012207,39.53653335571289,1.502390742301941,-42.08315887451172,47.05283966064454,-34.65515899658203,39.62483978271485,-14.66515827178955,22.514841079711918,1.0,0,below_min,0.6103111267089858,0.0
2022-01-05 00:00:00,cma,v50,2,0,16,-49.367889404296875,41.57711410522461,0.0729195848107338,-30.524716949462892,36.77367935180664,-24.91651725769043,31.16547966003418,-18.581018447875977,22.86298105239868,1.0,0,below_min;above_max,18.843172454833983,4.803434753417967
2022-01-05 00:00:00,cma,v100,2,0,16,-35.791038513183594,43.658958435058594,-0.12045209854841232,-27.414196968078617,32.050002098083496,-22.45884704589844,27.09465217590332,-16.778846740722656,16.470958366394036,1.0,0,below_min;above_max,8.376841545104977,11.608956336975098
2022-01-05 00:00:00,cma,v300,2,0,16,-61.60538864135742,68.23961639404297,0.12132923305034637,-63.88097305297852,64.92703170776367,-53.14697265625,54.19303131103516,-30.54197120666504,33.32607688903801,1.0,0,above_max,0.0,3.312584686279294
2022-01-05 00:00:00,cma,v500,2,0,16,-48.49299621582031,49.787010192871094,0.036387812346220016,-45.70456199645996,46.10143928527832,-38.05406188964844,38.4509391784668,-23.104063034057617,22.74593734741211,1.0,0,below_min;above_max,2.7884342193603544,3.6855709075927763
2022-01-05 00:00:00,cma,v600,2,0,16,-36.38378143310547,49.416221618652344,0.07654941827058792,-36.2928804397583,38.20011653900146,-30.08513069152832,31.992366790771484,-19.387240676879884,19.150478839874253,1.0,0,below_min;above_max,0.09090099334716939,11.21610507965088
2022-01-05 00:00:00,cma,v700,2,0,16,-30.69065284729004,49.329345703125,0.12925495207309723,-37.889457893371585,41.16053981781006,-31.301958084106445,34.57304000854492,-16.531959533691406,17.1230411529541,1.0,0,above_max,0.0,8.168805885314939
2022-01-05 00:00:00,cma,v850,2,0,16,-33.8798713684082,44.6351318359375,-0.05146251991391182,-43.882645797729495,41.05935401916504,-36.80414581298828,33.98085403442383,-15.119146347045898,16.788903827667166,1.0,0,above_max,0.0,3.575777816772458
2022-01-05 00:00:00,cma,v925,2,0,16,-34.1517219543457,45.79827880859375,-0.1825937032699585,-43.24247150421142,38.46552639007569,-36.4334716796875,31.65652656555176,-16.23847198486328,17.4415283203125,1.0,0,above_max,0.0,7.332752418518062
2022-01-05 00:00:00,cma,r150,2,0,16,0.0,117.33499908447266,23.343647003173828,-10.0,110.0,0.0,100.0,0.2749996185302734,100.0,1.0,0,above_max,0.0,7.334999084472656
2022-01-05 00:00:00,cma,r500,2,0,16,0.0,117.33000183105469,47.53473663330078,-10.0,110.0,0.0,100.0,0.0050010681152343,100.0,1.0,0,above_max,0.0,7.3300018310546875
2022-01-05 06:00:00,cma,z850,2,1,17,9016.578125,16870.724609375,13742.1025390625,8903.49169921875,16602.69287109375,9545.091796875,15961.0927734375,10216.357421875,15501.6513671875,1.0,0,above_max,0.0,268.03173828125
2022-01-05 06:00:00,cma,z925,2,1,17,2409.4580078125,10549.4677734375,7083.1748046875,2460.5858154296875,9915.777709960938,3081.851806640625,9294.51171875,3673.682861328125,8815.8974609375,1.0,0,below_min;above_max,51.1278076171875,633.6900634765625
2022-01-05 06:00:00,cma,z1000,2,1,17,-3491.64794921875,4808.7001953125,958.4595336914062,-3704.9665771484374,4229.005395507813,-3043.80224609375,3567.841064453125,-2445.5966796875,2886.279052734375,1.0,0,above_max,0.0,579.6947998046871
2022-01-05 06:00:00,cma,u150,2,1,17,-29.040729522705078,86.36426544189453,14.933183670043945,-45.561387634277345,82.8806167602539,-34.857887268066406,72.17711639404297,-21.327884674072266,56.14711380004883,1.0,0,above_max,0.0,3.4836486816406307
2022-01-05 06:00:00,cma,u200,2,1,17,-39.783504486083984,101.13150024414062,15.924819946289062,-37.52268333435059,92.50331611633301,-26.687183380126957,81.66781616210938,-16.102182388305664,63.417816162109375,1.0,0,below_min;above_max,2.2608211517333956,8.628184127807614
2022-01-05 06:00:00,cma,u250,2,1,17,-44.01237487792969,103.98262023925781,14.91676139831543,-50.39963340759277,102.46837043762207,-37.6606330871582,89.7293701171875,-16.55563735961914,64.45936584472656,1.0,0,above_max,0.0,1.5142498016357422
2022-01-05 06:00:00,cma,u700,2,1,17,-40.4126091003418,40.91238784790039,3.801269054412842,-38.12271099090576,46.57329349517822,-31.06471061706543,39.51529312133789,-13.54471206665039,27.97528839111328,1.0,0,below_min,2.289898109436038,0.0
2022-01-05 06:00:00,cma,v50,2,1,17,-48.89838409423828,39.88661575317383,0.19963118433952332,-30.524716949462892,36.77367935180664,-24.91651725769043,31.16547966003418,-18.581018447875977,22.86298105239868,1.0,0,below_min;above_max,18.37366714477539,3.112936401367186
2022-01-05 06:00:00,cma,v100,2,1,17,-35.248939514160156,37.66606140136719,-0.04673905670642853,-27.414196968078617,32.050002098083496,-22.45884704589844,27.09465217590332,-16.778846740722656,16.470958366394036,1.0,0,below_min;above_max,7.834742546081539,5.616059303283691
2022-01-05 06:00:00,cma,v200,2,1,17,-51.81744384765625,49.10255432128906,0.25388452410697937,-50.31730079650879,61.060697555541985,-41.03580093383789,51.77919769287109,-25.96080017089844,28.44419860839844,1.0,0,below_min,1.500143051147461,0.0
2022-01-05 06:00:00,cma,v250,2,1,17,-62.73982238769531,58.775177001953125,0.1569690704345703,-57.60447769165039,63.16352157592773,-47.54047775268555,53.09952163696289,-30.575477600097656,33.5575741195678,1.0,0,below_min,5.135344696044925,0.0
2022-01-05 06:00:00,cma,v300,2,1,17,-64.36394500732422,64.43106079101562,0.127888485789299,-63.88097305297852,64.92703170776367,-53.14697265625,54.19303131103516,-30.54197120666504,33.32607688903801,1.0,0,below_min,0.4829719543457003,0.0
2022-01-05 06:00:00,cma,v400,2,1,17,-61.8277702331543,67.40222930908203,0.0666511133313179,-59.223367309570314,64.14263305664062,-48.942867279052734,53.86213302612305,-27.602867126464844,27.60213279724121,1.0,0,below_min;above_max,2.604402923583983,3.259596252441412
2022-01-05 06:00:00,cma,v500,2,1,17,-51.28389358520508,61.6361083984375,0.06287774443626404,-45.70456199645996,46.10143928527832,-38.05406188964844,38.4509391784668,-23.104063034057617,22.74593734741211,1.0,0,below_min;above_max,5.57933158874512,15.534669113159183
2022-01-05 06:00:00,cma,v600,2,1,17,-39.17502975463867,54.374969482421875,0.07379810512065887,-36.2928804397583,38.20011653900146,-30.08513069152832,31.992366790771484,-19.387240676879884,19.150478839874253,1.0,0,below_min;above_max,2.8821493148803725,16.17485294342041
2022-01-05 06:00:00,cma,v700,2,1,17,-32.11235046386719,54.877647399902344,0.10273612290620804,-37.889457893371585,41.16053981781006,-31.301958084106445,34.57304000854492,-16.531959533691406,17.1230411529541,1.0,0,above_max,0.0,13.717107582092282
2022-01-05 06:00:00,cma,v850,2,1,17,-39.03997802734375,48.625022888183594,-0.07497835159301758,-43.882645797729495,41.05935401916504,-36.80414581298828,33.98085403442383,-15.119146347045898,16.788903827667166,1.0,0,above_max,0.0,7.565668869018552
2022-01-05 06:00:00,cma,v925,2,1,17,-36.569419860839844,47.650577545166016,-0.20964550971984863,-43.24247150421142,38.46552639007569,-36.4334716796875,31.65652656555176,-16.23847198486328,17.4415283203125,1.0,0,above_max,0.0,9.185051155090328
2022-01-05 06:00:00,cma,r150,2,1,17,0.0,117.8949966430664,23.434724807739258,-10.0,110.0,0.0,100.0,0.2749996185302734,100.0,1.0,0,above_max,0.0,7.894996643066406
2022-01-05 06:00:00,cma,t2m,2,1,17,228.39556884765625,319.435546875,277.5295715332031,216.71108093261722,318.93311462402346,225.2295837402344,310.41461181640625,239.48959350585935,302.7296142578125,1.0,0,above_max,0.0,0.5024322509765398
2022-01-05 12:00:00,cma,z850,2,2,18,8561.5517578125,16867.78515625,13747.068359375,8903.49169921875,16602.69287109375,9545.091796875,15961.0927734375,10216.357421875,15501.6513671875,1.0,0,below_min;above_max,341.93994140625,265.09228515625
2022-01-05 12:00:00,cma,z925,2,2,18,1986.03076171875,10586.953125,7087.91845703125,2460.5858154296875,9915.777709960938,3081.851806640625,9294.51171875,3673.682861328125,8815.8974609375,1.0,0,below_min;above_max,474.5550537109375,671.1754150390625
2022-01-05 12:00:00,cma,z1000,2,2,18,-3909.5439453125,4794.34765625,959.0160522460938,-3704.9665771484374,4229.005395507813,-3043.80224609375,3567.841064453125,-2445.5966796875,2886.279052734375,1.0,0,below_min;above_max,204.5773681640626,565.3422607421871
2022-01-05 12:00:00,cma,u150,2,2,18,-29.257137298583984,85.3328628540039,14.966383934020996,-45.561387634277345,82.8806167602539,-34.857887268066406,72.17711639404297,-21.327884674072266,56.14711380004883,1.0,0,above_max,0.0,2.4522460937500057
2022-01-05 12:00:00,cma,u200,2,2,18,-37.15177536010742,100.6832275390625,15.954864501953125,-37.52268333435059,92.50331611633301,-26.687183380126957,81.66781616210938,-16.102182388305664,63.417816162109375,1.0,0,above_max,0.0,8.17991142272949
2022-01-05 12:00:00,cma,u300,2,2,18,-56.40285873413086,93.28713989257812,13.205718994140625,-54.84320907592773,100.00479202270508,-41.939208984375,87.10079193115234,-18.879207611083984,60.71079254150391,1.0,0,below_min,1.5596496582031278,0.0
2022-01-05 12:00:00,cma,u700,2,2,18,-32.353511810302734,47.11149215698242,3.8639137744903564,-38.12271099090576,46.57329349517822,-31.06471061706543,39.51529312133789,-13.54471206665039,27.97528839111328,1.0,0,above_max,0.0,0.5381986618042021
2022-01-05 12:00:00,cma,u850,2,2,18,-43.61806869506836,50.65193176269531,1.7019360065460205,-42.08315887451172,47.05283966064454,-34.65515899658203,39.62483978271485,-14.66515827178955,22.514841079711918,1.0,0,below_min;above_max,1.534909820556642,3.5990921020507756
2022-01-05 12:00:00,cma,u925,2,2,18,-41.16832733154297,47.41167449951172,1.0046418905258179,-46.085906982421875,45.66009521484375,-38.440406799316406,38.01459503173828,-16.135404586791992,21.624595642089844,1.0,0,above_max,0.0,1.7515792846679688
2022-01-05 12:00:00,cma,u1000,2,2,18,-25.07292938232422,34.71457290649414,0.2522701919078827,-28.249113845825196,32.75948600769043,-23.165063858032227,27.67543601989746,-13.008063316345217,14.073935508728027,1.0,0,above_max,0.0,1.9550868988037138
2022-01-05 12:00:00,cma,v50,2,2,18,-46.88811111450195,36.521888732910156,0.12432540953159332,-30.524716949462892,36.77367935180664,-24.91651725769043,31.16547966003418,-18.581018447875977,22.86298105239868,1.0,0,below_min,16.36339416503906,0.0
2022-01-05 12:00:00,cma,v100,2,2,18,-35.39669418334961,36.723304748535156,0.013246440328657627,-27.414196968078617,32.050002098083496,-22.45884704589844,27.09465217590332,-16.778846740722656,16.470958366394036,1.0,0,below_min;above_max,7.9824972152709925,4.67330265045166
2022-01-05 12:00:00,cma,v150,2,2,18,-36.68592834472656,38.09906768798828,0.38076454401016235,-34.94914302825928,46.020857429504396,-28.201642990112305,39.27335739135742,-19.726642608642575,22.943359375,1.0,0,below_min,1.7367853164672837,0.0
2022-01-05 12:00:00,cma,v200,2,2,18,-50.59523010253906,52.229766845703125,0.3405288755893707,-50.31730079650879,61.060697555541985,-41.03580093383789,51.77919769287109,-25.96080017089844,28.44419860839844,1.0,0,below_min,0.27792930603027344,0.0
2022-01-05 12:00:00,cma,v250,2,2,18,-61.30646896362305,64.90853118896484,0.12426368147134781,-57.60447769165039,63.16352157592773,-47.54047775268555,53.09952163696289,-30.575477600097656,33.5575741195678,1.0,0,below_min;above_max,3.701991271972659,1.7450096130371122
2022-01-05 12:00:00,cma,v300,2,2,18,-67.67822265625,64.186767578125,0.13308951258659363,-63.88097305297852,64.92703170776367,-53.14697265625,54.19303131103516,-30.54197120666504,33.32607688903801,1.0,0,below_min,3.7972496032714815,0.0
2022-01-05 12:00:00,cma,v400,2,2,18,-61.98075866699219,70.41923522949219,-0.03540895879268646,-59.223367309570314,64.14263305664062,-48.942867279052734,53.86213302612305,-27.602867126464844,27.60213279724121,1.0,0,below_min;above_max,2.7573913574218736,6.276602172851568
2022-01-05 12:00:00,cma,v500,2,2,18,-52.653076171875,64.56692504882812,-0.05691914260387421,-45.70456199645996,46.10143928527832,-38.05406188964844,38.4509391784668,-23.104063034057617,22.74593734741211,1.0,0,below_min;above_max,6.948514175415042,18.465485763549808
2022-01-05 12:00:00,cma,v600,2,2,18,-45.59035110473633,61.609649658203125,0.025679493322968483,-36.2928804397583,38.20011653900146,-30.08513069152832,31.992366790771484,-19.387240676879884,19.150478839874253,1.0,0,below_min;above_max,9.297470664978029,23.40953311920166
2022-01-05 12:00:00,cma,v700,2,2,18,-34.77118682861328,53.598812103271484,0.037973593920469284,-37.889457893371585,41.16053981781006,-31.301958084106445,34.57304000854492,-16.531959533691406,17.1230411529541,1.0,0,above_max,0.0,12.438272285461423
2022-01-05 12:00:00,cma,v850,2,2,18,-35.202613830566406,50.4573860168457,-0.11169754713773727,-43.882645797729495,41.05935401916504,-36.80414581298828,33.98085403442383,-15.119146347045898,16.788903827667166,1.0,0,above_max,0.0,9.398031997680661
2022-01-05 12:00:00,cma,v925,2,2,18,-32.746665954589844,45.913333892822266,-0.19438470900058746,-43.24247150421142,38.46552639007569,-36.4334716796875,31.65652656555176,-16.23847198486328,17.4415283203125,1.0,0,above_max,0.0,7.447807502746578
2022-01-05 12:00:00,cma,v1000,2,2,18,-25.62618637084961,28.665815353393555,-0.11434631794691086,-32.451983261108396,28.39401893615723,-27.38148307800293,23.32351875305176,-13.344288482666016,11.940017700195312,1.0,0,above_max,0.0,0.27179641723632386
2022-01-05 12:00:00,cma,msl,2,2,18,94865.9921875,104834.1171875,100920.3671875,95351.4828125,105582.5328125,96204.0703125,104729.9453125,96952.4453125,103989.3203125,1.0,0,below_min,485.4906250000058,0.0
2022-01-05 18:00:00,cma,z850,2,3,19,8216.671875,17114.24609375,13755.671875,8903.49169921875,16602.69287109375,9545.091796875,15961.0927734375,10216.357421875,15501.6513671875,1.0,0,below_min;above_max,686.81982421875,511.55322265625
2022-01-05 18:00:00,cma,z925,2,3,19,1491.146484375,10872.1875,7096.91650390625,2460.5858154296875,9915.777709960938,3081.851806640625,9294.51171875,3673.682861328125,8815.8974609375,1.0,0,below_min;above_max,969.4393310546875,956.4097900390625
2022-01-05 18:00:00,cma,z1000,2,3,19,-4545.20361328125,5114.34765625,967.50439453125,-3704.9665771484374,4229.005395507813,-3043.80224609375,3567.841064453125,-2445.5966796875,2886.279052734375,1.0,0,below_min;above_max,840.2370361328126,885.3422607421871
2022-01-05 18:00:00,cma,u150,2,3,19,-26.919204711914062,83.97579956054688,14.958720207214355,-45.561387634277345,82.8806167602539,-34.857887268066406,72.17711639404297,-21.327884674072266,56.14711380004883,1.0,0,above_max,0.0,1.0951828002929744
2022-01-05 18:00:00,cma,u200,2,3,19,-35.6670036315918,102.87800598144531,15.865025520324707,-37.52268333435059,92.50331611633301,-26.687183380126957,81.66781616210938,-16.102182388305664,63.417816162109375,1.0,0,above_max,0.0,10.374689865112302
2022-01-05 18:00:00,cma,u250,2,3,19,-50.786521911621094,97.48348236083984,14.869440078735352,-50.39963340759277,102.46837043762207,-37.6606330871582,89.7293701171875,-16.55563735961914,64.45936584472656,1.0,0,below_min,0.3868885040283203,0.0
2022-01-05 18:00:00,cma,u300,2,3,19,-57.12650680541992,91.89348602294922,13.24001693725586,-54.84320907592773,100.00479202270508,-41.939208984375,87.10079193115234,-18.879207611083984,60.71079254150391,1.0,0,below_min,2.2832977294921903,0.0
2022-01-05 18:00:00,cma,u700,2,3,19,-37.4929313659668,47.8570671081543,3.8196094036102295,-38.12271099090576,46.57329349517822,-31.06471061706543,39.51529312133789,-13.54471206665039,27.97528839111328,1.0,0,above_max,0.0,1.283773612976077
2022-01-05 18:00:00,cma,u850,2,3,19,-48.57703399658203,51.5479621887207,1.5841946601867676,-42.08315887451172,47.05283966064454,-34.65515899658203,39.62483978271485,-14.66515827178955,22.514841079711918,1.0,0,below_min;above_max,6.493875122070314,4.495122528076166
2022-01-05 18:00:00,cma,u925,2,3,19,-43.23801803588867,47.56198501586914,0.8905628323554993,-46.085906982421875,45.66009521484375,-38.440406799316406,38.01459503173828,-16.135404586791992,21.624595642089844,1.0,0,above_max,0.0,1.9018898010253906
2022-01-05 18:00:00,cma,u1000,2,3,19,-28.074722290039062,36.416778564453125,0.1773773431777954,-28.249113845825196,32.75948600769043,-23.165063858032227,27.67543601989746,-13.008063316345217,14.073935508728027,1.0,0,above_max,0.0,3.657292556762698
2022-01-05 18:00:00,cma,v50,2,3,19,-44.12989807128906,34.14010238647461,0.01354010310024023,-30.524716949462892,36.77367935180664,-24.91651725769043,31.16547966003418,-18.581018447875977,22.86298105239868,1.0,0,below_min,13.60518112182617,0.0
2022-01-05 18:00:00,cma,v100,2,3,19,-38.49597930908203,33.02402114868164,0.13540028035640717,-27.414196968078617,32.050002098083496,-22.45884704589844,27.09465217590332,-16.778846740722656,16.470958366394036,1.0,0,below_min;above_max,11.081782341003414,0.9740190505981445
2022-01-05 18:00:00,cma,v150,2,3,19,-38.84674072265625,38.2232551574707,0.27800172567367554,-34.94914302825928,46.020857429504396,-28.201642990112305,39.27335739135742,-19.726642608642575,22.943359375,1.0,0,below_min,3.8975976943969712,0.0
2022-01-05 18:00:00,cma,v250,2,3,19,-61.49409484863281,64.60589599609375,0.2475074678659439,-57.60447769165039,63.16352157592773,-47.54047775268555,53.09952163696289,-30.575477600097656,33.5575741195678,1.0,0,below_min;above_max,3.8896171569824247,1.4423744201660185
2022-01-05 18:00:00,cma,v300,2,3,19,-70.71208190917969,65.97291564941406,0.18987731635570526,-63.88097305297852,64.92703170776367,-53.14697265625,54.19303131103516,-30.54197120666504,33.32607688903801,1.0,0,below_min;above_max,6.831108856201169,1.0458839416503878
2022-01-05 18:00:00,cma,v400,2,3,19,-68.70677947998047,61.9182243347168,0.08387564867734909,-59.223367309570314,64.14263305664062,-48.942867279052734,53.86213302612305,-27.602867126464844,27.60213279724121,1.0,0,below_min,9.483412170410155,0.0
2022-01-05 18:00:00,cma,v500,2,3,19,-54.62293243408203,57.587066650390625,0.016988109797239304,-45.70456199645996,46.10143928527832,-38.05406188964844,38.4509391784668,-23.104063034057617,22.74593734741211,1.0,0,below_min;above_max,8.918370437622073,11.485627365112308
2022-01-05 18:00:00,cma,v600,2,3,19,-44.67597579956055,57.254024505615234,-0.01545325480401516,-36.2928804397583,38.20011653900146,-30.08513069152832,31.992366790771484,-19.387240676879884,19.150478839874253,1.0,0,below_min;above_max,8.383095359802248,19.05390796661377
2022-01-05 18:00:00,cma,v700,2,3,19,-34.90657424926758,49.758426666259766,-0.016136564314365387,-37.889457893371585,41.16053981781006,-31.301958084106445,34.57304000854492,-16.531959533691406,17.1230411529541,1.0,0,above_max,0.0,8.597886848449704
2022-01-05 18:00:00,cma,v850,2,3,19,-34.63157272338867,42.408424377441406,-0.11771132797002792,-43.882645797729495,41.05935401916504,-36.80414581298828,33.98085403442383,-15.119146347045898,16.788903827667166,1.0,0,above_max,0.0,1.3490703582763643
2022-01-05 18:00:00,cma,v925,2,3,19,-34.58705520629883,39.452945709228516,-0.17092621326446533,-43.24247150421142,38.46552639007569,-36.4334716796875,31.65652656555176,-16.23847198486328,17.4415283203125,1.0,0,above_max,0.0,0.9874193191528278
2022-01-05 18:00:00,cma,v1000,2,3,19,-24.81415557861328,29.95334243774414,-0.08311687409877777,-32.451983261108396,28.39401893615723,-27.38148307800293,23.32351875305176,-13.344288482666016,11.940017700195312,1.0,0,above_max,0.0,1.5593235015869098
2022-01-05 18:00:00,cma,r500,2,3,19,0.0,120.5050048828125,47.10465621948242,-10.0,110.0,0.0,100.0,0.0050010681152343,100.0,1.0,0,above_max,0.0,10.5050048828125
2022-01-05 18:00:00,cma,u10m,2,3,19,-31.22624397277832,36.83375930786133,0.0670582577586174,-29.907401847839353,35.473996925354,-24.45895195007324,30.02554702758789,-11.840758934020997,13.990546226501465,1.0,0,below_min;above_max,1.3188421249389677,1.359762382507327
2022-01-05 18:00:00,cma,msl,2,3,19,94228.1328125,104810.0078125,100925.6953125,95351.4828125,105582.5328125,96204.0703125,104729.9453125,96952.4453125,103989.3203125,1.0,0,below_min,1123.3500000000058,0.0
2022-01-06 00:00:00,cma,z700,2,4,20,22899.943359375,31562.15625,28837.056640625,23230.78203125,32243.28828125,23981.82421875,31492.24609375,24874.41970703125,31276.009765625,1.0,0,below_min,330.8386718750007,0.0
2022-01-06 00:00:00,cma,z850,2,4,20,7896.71435546875,17139.482421875,13765.591796875,8903.49169921875,16602.69287109375,9545.091796875,15961.0927734375,10216.357421875,15501.6513671875,1.0,0,below_min;above_max,1006.77734375,536.78955078125
2022-01-06 00:00:00,cma,z925,2,4,20,1161.40673828125,10923.435546875,7108.89453125,2460.5858154296875,9915.777709960938,3081.851806640625,9294.51171875,3673.682861328125,8815.8974609375,1.0,0,below_min;above_max,1299.1790771484375,1007.6578369140625
2022-01-06 00:00:00,cma,z1000,2,4,20,-4871.55517578125,5188.5966796875,982.6536254882812,-3704.9665771484374,4229.005395507813,-3043.80224609375,3567.841064453125,-2445.5966796875,2886.279052734375,1.0,0,below_min;above_max,1166.5885986328126,959.5912841796871
2022-01-06 00:00:00,cma,u50,2,4,20,-22.86376953125,58.17622756958008,4.763193607330322,-27.29123706817627,56.51075954437257,-20.307737350463867,49.52725982666016,-13.38273811340332,41.62726211547852,1.0,0,above_max,0.0,1.6654680252075096
2022-01-06 00:00:00,cma,u200,2,4,20,-45.31147384643555,94.29351806640625,15.908767700195312,-37.52268333435059,92.50331611633301,-26.687183380126957,81.66781616210938,-16.102182388305664,63.417816162109375,1.0,0,below_min;above_max,7.788790512084958,1.7902019500732393
2022-01-06 00:00:00,cma,u250,2,4,20,-54.94719696044922,92.11280059814453,14.855703353881836,-50.39963340759277,102.46837043762207,-37.6606330871582,89.7293701171875,-16.55563735961914,64.45936584472656,1.0,0,below_min,4.547563552856445,0.0
2022-01-06 00:00:00,cma,u850,2,4,20,-45.20196533203125,48.06303787231445,1.4319711923599243,-42.08315887451172,47.05283966064454,-34.65515899658203,39.62483978271485,-14.66515827178955,22.514841079711918,1.0,0,below_min;above_max,3.1188064575195327,1.0101982116699162
2022-01-06 00:00:00,cma,u925,2,4,20,-49.26049041748047,44.164512634277344,0.7001710534095764,-46.085906982421875,45.66009521484375,-38.440406799316406,38.01459503173828,-16.135404586791992,21.624595642089844,1.0,0,below_min,3.1745834350585938,0.0
2022-01-06 00:00:00,cma,u1000,2,4,20,-29.29762077331543,35.40237808227539,0.05531923472881317,-28.249113845825196,32.75948600769043,-23.165063858032227,27.67543601989746,-13.008063316345217,14.073935508728027,1.0,0,below_min;above_max,1.0485069274902337,2.642892074584964
2022-01-06 00:00:00,cma,v50,2,4,20,-42.21186447143555,31.943134307861328,0.18546760082244873,-30.524716949462892,36.77367935180664,-24.91651725769043,31.16547966003418,-18.581018447875977,22.86298105239868,1.0,0,below_min,11.687147521972655,0.0
2022-01-06 00:00:00,cma,v100,2,4,20,-37.132877349853516,28.752119064331055,0.04975002259016037,-27.414196968078617,32.050002098083496,-22.45884704589844,27.09465217590332,-16.778846740722656,16.470958366394036,1.0,0,below_min,9.718680381774899,0.0
2022-01-06 00:00:00,cma,v150,2,4,20,-39.24638748168945,38.70861053466797,0.33471545577049255,-34.94914302825928,46.020857429504396,-28.201642990112305,39.27335739135742,-19.726642608642575,22.943359375,1.0,0,below_min,4.297244453430174,0.0
2022-01-06 00:00:00,cma,v250,2,4,20,-65.74021911621094,67.86978149414062,0.25714966654777527,-57.60447769165039,63.16352157592773,-47.54047775268555,53.09952163696289,-30.575477600097656,33.5575741195678,1.0,0,below_min;above_max,8.13574142456055,4.7062599182128935
2022-01-06 00:00:00,cma,v300,2,4,20,-66.93990325927734,69.2500991821289,0.293715238571167,-63.88097305297852,64.92703170776367,-53.14697265625,54.19303131103516,-30.54197120666504,33.32607688903801,1.0,0,below_min;above_max,3.0589302062988253,4.3230674743652315
2022-01-06 00:00:00,cma,v400,2,4,20,-68.1123275756836,68.06267547607422,0.15697960555553436,-59.223367309570314,64.14263305664062,-48.942867279052734,53.86213302612305,-27.602867126464844,27.60213279724121,1.0,0,below_min;above_max,8.88896026611328,3.9200424194335994
2022-01-06 00:00:00,cma,v500,2,4,20,-54.84295654296875,61.51204299926758,0.03447568044066429,-45.70456199645996,46.10143928527832,-38.05406188964844,38.4509391784668,-23.104063034057617,22.74593734741211,1.0,0,below_min;above_max,9.138394546508792,15.41060371398926
2022-01-06 00:00:00,cma,v600,2,4,20,-38.604957580566406,49.23004150390625,0.003048825077712536,-36.2928804397583,38.20011653900146,-30.08513069152832,31.992366790771484,-19.387240676879884,19.150478839874253,1.0,0,below_min;above_max,2.312077140808107,11.029924964904787
2022-01-06 00:00:00,cma,v1000,2,4,20,-25.948806762695312,28.67868995666504,-0.10132406651973724,-32.451983261108396,28.39401893615723,-27.38148307800293,23.32351875305176,-13.344288482666016,11.940017700195312,1.0,0,above_max,0.0,0.28467102050780824
2022-01-06 00:00:00,cma,u10m,2,4,20,-33.56535339355469,35.11464309692383,-0.03624134883284569,-29.907401847839353,35.473996925354,-24.45895195007324,30.02554702758789,-11.840758934020997,13.990546226501465,1.0,0,below_min,3.657951545715335,0.0
2022-01-06 00:00:00,cma,msl,2,4,20,93843.4609375,104498.8359375,100946.3828125,95351.4828125,105582.5328125,96204.0703125,104729.9453125,96952.4453125,103989.3203125,1.0,0,below_min,1508.0218750000058,0.0
2022-01-06 06:00:00,cma,z600,2,5,21,34144.4375,43805.4609375,40507.5,34168.64453125,44690.39453125,35045.45703125,43813.58203125,36103.7880859375,43669.91796875,1.0,0,below_min,24.20703125,0.0
2022-01-06 06:00:00,cma,z700,2,5,21,22662.08203125,31516.5078125,28837.130859375,23230.78203125,32243.28828125,23981.82421875,31492.24609375,24874.41970703125,31276.009765625,1.0,0,below_min,568.7000000000007,0.0
2022-01-06 06:00:00,cma,z850,2,5,21,7631.28759765625,16971.140625,13760.96484375,8903.49169921875,16602.69287109375,9545.091796875,15961.0927734375,10216.357421875,15501.6513671875,1.0,0,below_min;above_max,1272.2041015625,368.44775390625
2022-01-06 06:00:00,cma,z925,2,5,21,908.10302734375,10782.4189453125,7100.56005859375,2460.5858154296875,9915.777709960938,3081.851806640625,9294.51171875,3673.682861328125,8815.8974609375,1.0,0,below_min;above_max,1552.4827880859375,866.6412353515625
2022-01-06 06:00:00,cma,z1000,2,5,21,-5110.46923828125,5073.73681640625,969.0645751953125,-3704.9665771484374,4229.005395507813,-3043.80224609375,3567.841064453125,-2445.5966796875,2886.279052734375,1.0,0,below_min;above_max,1405.5026611328126,844.7314208984371
2022-01-06 06:00:00,cma,u150,2,5,21,-29.725807189941406,83.00418853759766,14.7581787109375,-45.561387634277345,82.8806167602539,-34.857887268066406,72.17711639404297,-21.327884674072266,56.14711380004883,1.0,0,above_max,0.0,0.12357177734375568
2022-01-06 06:00:00,cma,u200,2,5,21,-34.98295593261719,93.60205078125,15.715398788452148,-37.52268333435059,92.50331611633301,-26.687183380126957,81.66781616210938,-16.102182388305664,63.417816162109375,1.0,0,above_max,0.0,1.0987346649169893
2022-01-06 06:00:00,cma,u300,2,5,21,-56.05610275268555,89.43388366699219,13.088172912597656,-54.84320907592773,100.00479202270508,-41.939208984375,87.10079193115234,-18.879207611083984,60.71079254150391,1.0,0,below_min,1.2128936767578153,0.0
2022-01-06 06:00:00,cma,u850,2,5,21,-42.504764556884766,44.98523712158203,1.37080979347229,-42.08315887451172,47.05283966064454,-34.65515899658203,39.62483978271485,-14.66515827178955,22.514841079711918,1.0,0,below_min,0.4216056823730483,0.0
2022-01-06 06:00:00,cma,u1000,2,5,21,-30.216434478759766,32.78306579589844,0.03842068463563919,-28.249113845825196,32.75948600769043,-23.165063858032227,27.67543601989746,-13.008063316345217,14.073935508728027,1.0,0,below_min;above_max,1.9673206329345696,0.023579788208010655
2022-01-06 06:00:00,cma,v50,2,5,21,-42.11792755126953,31.977075576782227,0.038228511810302734,-30.524716949462892,36.77367935180664,-24.91651725769043,31.16547966003418,-18.581018447875977,22.86298105239868,1.0,0,below_min,11.59321060180664,0.0
2022-01-06 06:00:00,cma,v100,2,5,21,-35.29421615600586,31.345783233642578,0.08284983038902283,-27.414196968078617,32.050002098083496,-22.45884704589844,27.09465217590332,-16.778846740722656,16.470958366394036,1.0,0,below_min,7.8800191879272425,0.0
2022-01-06 06:00:00,cma,v150,2,5,21,-41.8011474609375,42.328857421875,0.23155683279037476,-34.94914302825928,46.020857429504396,-28.201642990112305,39.27335739135742,-19.726642608642575,22.943359375,1.0,0,below_min,6.852004432678221,0.0
2022-01-06 06:00:00,cma,v250,2,5,21,-64.90885162353516,70.40115356445312,0.21992608904838562,-57.60447769165039,63.16352157592773,-47.54047775268555,53.09952163696289,-30.575477600097656,33.5575741195678,1.0,0,below_min;above_max,7.3043739318847685,7.2376319885253935
2022-01-06 06:00:00,cma,v300,2,5,21,-70.27412414550781,65.6658706665039,0.25660771131515503,-63.88097305297852,64.92703170776367,-53.14697265625,54.19303131103516,-30.54197120666504,33.32607688903801,1.0,0,below_min;above_max,6.393151092529294,0.7388389587402315
2022-01-06 06:00:00,cma,v400,2,5,21,-65.7787857055664,56.29121398925781,0.11872714012861252,-59.223367309570314,64.14263305664062,-48.942867279052734,53.86213302612305,-27.602867126464844,27.60213279724121,1.0,0,below_min,6.555418395996092,0.0
2022-01-06 06:00:00,cma,v500,2,5,21,-47.51008224487305,50.229915618896484,0.03872653469443321,-45.70456199645996,46.10143928527832,-38.05406188964844,38.4509391784668,-23.104063034057617,22.74593734741211,1.0,0,below_min;above_max,1.8055202484130888,4.128476333618167
2022-01-06 06:00:00,cma,r700,2,5,21,-18.944995880126953,100.0,54.530391693115234,-10.0,110.0,0.0,100.0,0.1500015258789062,100.0,1.0,0,below_min,8.944995880126953,0.0
2022-01-06 06:00:00,cma,t2m,2,5,21,232.37478637695312,319.27978515625,277.68524169921875,216.71108093261722,318.93311462402346,225.2295837402344,310.41461181640625,239.48959350585935,302.7296142578125,1.0,0,above_max,0.0,0.34667053222653976
2022-01-06 06:00:00,cma,u10m,2,5,21,-33.220706939697266,32.55929183959961,-0.040089938789606094,-29.907401847839353,35.473996925354,-24.45895195007324,30.02554702758789,-11.840758934020997,13.990546226501465,1.0,0,below_min,3.313305091857913,0.0
2022-01-06 06:00:00,cma,msl,2,5,21,93551.15625,104180.53125,100935.40625,95351.4828125,105582.5328125,96204.0703125,104729.9453125,96952.4453125,103989.3203125,1.0,0,below_min,1800.3265625000058,0.0
2022-01-06 12:00:00,cma,z700,2,6,22,22597.75390625,31670.376953125,28847.21875,23230.78203125,32243.28828125,23981.82421875,31492.24609375,24874.41970703125,31276.009765625,1.0,0,below_min,633.0281250000007,0.0
2022-01-06 12:00:00,cma,z850,2,6,22,7539.32080078125,17031.66796875,13766.6953125,8903.49169921875,16602.69287109375,9545.091796875,15961.0927734375,10216.357421875,15501.6513671875,1.0,0,below_min;above_max,1364.1708984375,428.97509765625
2022-01-06 12:00:00,cma,z925,2,6,22,860.38916015625,10827.37890625,7103.5625,2460.5858154296875,9915.777709960938,3081.851806640625,9294.51171875,3673.682861328125,8815.8974609375,1.0,0,below_min;above_max,1600.1966552734375,911.6011962890625
2022-01-06 12:00:00,cma,z1000,2,6,22,-5061.74609375,5121.9697265625,964.4900512695312,-3704.9665771484374,4229.005395507813,-3043.80224609375,3567.841064453125,-2445.5966796875,2886.279052734375,1.0,0,below_min;above_max,1356.7795166015626,892.9643310546871
2022-01-06 12:00:00,cma,u50,2,6,22,-24.856842041015625,57.043155670166016,4.66196346282959,-27.29123706817627,56.51075954437257,-20.307737350463867,49.52725982666016,-13.38273811340332,41.62726211547852,1.0,0,above_max,0.0,0.5323961257934471
2022-01-06 12:00:00,cma,u200,2,6,22,-36.0059928894043,95.63900756835938,15.554140090942383,-37.52268333435059,92.50331611633301,-26.687183380126957,81.66781616210938,-16.102182388305664,63.417816162109375,1.0,0,above_max,0.0,3.1356914520263643
2022-01-06 12:00:00,cma,u700,2,6,22,-39.388675689697266,42.421329498291016,3.500908851623535,-38.12271099090576,46.57329349517822,-31.06471061706543,39.51529312133789,-13.54471206665039,27.97528839111328,1.0,0,below_min,1.2659646987915067,0.0
2022-01-06 12:00:00,cma,v50,2,6,22,-36.5784797668457,30.136516571044922,0.12442243844270706,-30.524716949462892,36.77367935180664,-24.91651725769043,31.16547966003418,-18.581018447875977,22.86298105239868,1.0,0,below_min,6.053762817382811,0.0
2022-01-06 12:00:00,cma,v100,2,6,22,-33.89150619506836,35.34849548339844,0.034399982541799545,-27.414196968078617,32.050002098083496,-22.45884704589844,27.09465217590332,-16.778846740722656,16.470958366394036,1.0,0,below_min;above_max,6.4773092269897425,3.2984933853149414
2022-01-06 12:00:00,cma,v150,2,6,22,-39.435020446777344,44.79998016357422,0.3114319443702698,-34.94914302825928,46.020857429504396,-28.201642990112305,39.27335739135742,-19.726642608642575,22.943359375,1.0,0,below_min,4.485877418518065,0.0
2022-01-06 12:00:00,cma,v200,2,6,22,-57.71220397949219,62.39279556274414,0.340679407119751,-50.31730079650879,61.060697555541985,-41.03580093383789,51.77919769287109,-25.96080017089844,28.44419860839844,1.0,0,below_min;above_max,7.394903182983398,1.3320980072021555
2022-01-06 12:00:00,cma,v250,2,6,22,-71.43695831298828,75.74803924560547,0.2811277210712433,-57.60447769165039,63.16352157592773,-47.54047775268555,53.09952163696289,-30.575477600097656,33.5575741195678,1.0,0,below_min;above_max,13.832480621337893,12.584517669677737
2022-01-06 12:00:00,cma,v300,2,6,22,-74.90558624267578,77.52941131591797,0.22296041250228882,-63.88097305297852,64.92703170776367,-53.14697265625,54.19303131103516,-30.54197120666504,33.32607688903801,1.0,0,below_min;above_max,11.024613189697263,12.602379608154294
2022-01-06 12:00:00,cma,v500,2,6,22,-45.66909408569336,49.155906677246094,-0.022106977179646492,-45.70456199645996,46.10143928527832,-38.05406188964844,38.4509391784668,-23.104063034057617,22.74593734741211,1.0,0,above_max,0.0,3.0544673919677763
2022-01-06 12:00:00,cma,v700,2,6,22,-38.111488342285156,28.49350929260254,-0.018384037539362907,-37.889457893371585,41.16053981781006,-31.301958084106445,34.57304000854492,-16.531959533691406,17.1230411529541,1.0,0,below_min,0.22203044891357138,0.0
2022-01-06 12:00:00,cma,r250,2,6,22,0.0,128.0800018310547,37.900062561035156,-10.0,110.0,0.0,100.0,0.2599983215332031,100.0,1.0,0,above_max,0.0,18.080001831054688
2022-01-06 12:00:00,cma,msl,2,6,22,93511.0703125,104092.0703125,100936.859375,95351.4828125,105582.5328125,96204.0703125,104729.9453125,96952.4453125,103989.3203125,1.0,0,below_min,1840.4125000000058,0.0
2022-01-06 18:00:00,cma,z700,2,7,23,22923.134765625,31656.447265625,28848.6640625,23230.78203125,32243.28828125,23981.82421875,31492.24609375,24874.41970703125,31276.009765625,1.0,0,below_min,307.6472656250007,0.0
2022-01-06 18:00:00,cma,z850,2,7,23,7918.4931640625,17597.65625,13768.0693359375,8903.49169921875,16602.69287109375,9545.091796875,15961.0927734375,10216.357421875,15501.6513671875,1.0,0,below_min;above_max,984.99853515625,994.96337890625
2022-01-06 18:00:00,cma,z925,2,7,23,1257.84130859375,11487.158203125,7103.79931640625,2460.5858154296875,9915.777709960938,3081.851806640625,9294.51171875,3673.682861328125,8815.8974609375,1.0,0,below_min;above_max,1202.7445068359375,1571.3804931640625
2022-01-06 18:00:00,cma,z1000,2,7,23,-4720.4833984375,5850.595703125,963.7081909179688,-3704.9665771484374,4229.005395507813,-3043.80224609375,3567.841064453125,-2445.5966796875,2886.279052734375,1.0,0,below_min;above_max,1015.5168212890626,1621.5903076171871
2022-01-06 18:00:00,cma,u50,2,7,23,-22.979793548583984,58.28520584106445,4.668097972869873,-27.29123706817627,56.51075954437257,-20.307737350463867,49.52725982666016,-13.38273811340332,41.62726211547852,1.0,0,above_max,0.0,1.7744462966918846
2022-01-06 18:00:00,cma,u200,2,7,23,-42.528995513916016,92.33100891113281,15.463101387023926,-37.52268333435059,92.50331611633301,-26.687183380126957,81.66781616210938,-16.102182388305664,63.417816162109375,1.0,0,below_min,5.006312179565427,0.0
2022-01-06 18:00:00,cma,u250,2,7,23,-52.06366729736328,98.28133392333984,14.364341735839844,-50.39963340759277,102.46837043762207,-37.6606330871582,89.7293701171875,-16.55563735961914,64.45936584472656,1.0,0,below_min,1.6640338897705078,0.0
2022-01-06 18:00:00,cma,v50,2,7,23,-36.25944137573242,27.749557495117188,0.009663713164627552,-30.524716949462892,36.77367935180664,-24.91651725769043,31.16547966003418,-18.581018447875977,22.86298105239868,1.0,0,below_min,5.73472442626953,0.0
2022-01-06 18:00:00,cma,v100,2,7,23,-30.96511459350586,38.299888610839844,0.00091596192214638,-27.414196968078617,32.050002098083496,-22.45884704589844,27.09465217590332,-16.778846740722656,16.470958366394036,1.0,0,below_min;above_max,3.5509176254272425,6.249886512756348
2022-01-06 18:00:00,cma,v150,2,7,23,-37.96417999267578,46.12582015991211,0.2456289380788803,-34.94914302825928,46.020857429504396,-28.201642990112305,39.27335739135742,-19.726642608642575,22.943359375,1.0,0,below_min;above_max,3.0150369644165025,0.10496273040771342
2022-01-06 18:00:00,cma,v200,2,7,23,-54.15595626831055,62.68404006958008,0.4886825382709503,-50.31730079650879,61.060697555541985,-41.03580093383789,51.77919769287109,-25.96080017089844,28.44419860839844,1.0,0,below_min;above_max,3.838655471801758,1.623342514038093
2022-01-06 18:00:00,cma,v250,2,7,23,-69.50173950195312,73.1982650756836,0.35428038239479065,-57.60447769165039,63.16352157592773,-47.54047775268555,53.09952163696289,-30.575477600097656,33.5575741195678,1.0,0,below_min;above_max,11.897261810302737,10.034743499755862
2022-01-06 18:00:00,cma,v300,2,7,23,-68.81623840332031,71.8787612915039,0.26729997992515564,-63.88097305297852,64.92703170776367,-53.14697265625,54.19303131103516,-30.54197120666504,33.32607688903801,1.0,0,below_min;above_max,4.935265350341794,6.9517295837402315
2022-01-06 18:00:00,cma,v400,2,7,23,-53.05934143066406,66.34066009521484,0.04262379929423332,-59.223367309570314,64.14263305664062,-48.942867279052734,53.86213302612305,-27.602867126464844,27.60213279724121,1.0,0,above_max,0.0,2.1980270385742244
2022-01-06 18:00:00,cma,v500,2,7,23,-44.627010345458984,51.23798751831055,-0.03935806080698967,-45.70456199645996,46.10143928527832,-38.05406188964844,38.4509391784668,-23.104063034057617,22.74593734741211,1.0,0,above_max,0.0,5.136548233032229
2022-01-06 18:00:00,cma,msl,2,7,23,93970.421875,104026.921875,100929.109375,95351.4828125,105582.5328125,96204.0703125,104729.9453125,96952.4453125,103989.3203125,1.0,0,below_min,1381.0609375000058,0.0
2022-01-07 00:00:00,cma,z850,3,0,24,8719.130859375,17755.46875,13770.8310546875,8903.49169921875,16602.69287109375,9545.091796875,15961.0927734375,10216.357421875,15501.6513671875,1.0,0,below_min;above_max,184.36083984375,1152.77587890625
2022-01-07 00:00:00,cma,z925,3,0,24,2039.7041015625,11671.794921875,7111.763671875,2460.5858154296875,9915.777709960938,3081.851806640625,9294.51171875,3673.682861328125,8815.8974609375,1.0,0,below_min;above_max,420.8817138671875,1756.0172119140625
2022-01-07 00:00:00,cma,z1000,3,0,24,-3964.7265625,6064.53466796875,976.3099365234375,-3704.9665771484374,4229.005395507813,-3043.80224609375,3567.841064453125,-2445.5966796875,2886.279052734375,1.0,0,below_min;above_max,259.7599853515626,1835.5292724609371
2022-01-07 00:00:00,cma,u50,3,0,24,-25.461484909057617,59.478511810302734,4.551630973815918,-27.29123706817627,56.51075954437257,-20.307737350463867,49.52725982666016,-13.38273811340332,41.62726211547852,1.0,0,above_max,0.0,2.967752265930166
2022-01-07 00:00:00,cma,u150,3,0,24,-28.719696044921875,86.37530517578125,14.434164047241211,-45.561387634277345,82.8806167602539,-34.857887268066406,72.17711639404297,-21.327884674072266,56.14711380004883,1.0,0,above_max,0.0,3.4946884155273494
2022-01-07 00:00:00,cma,u200,3,0,24,-39.48880386352539,93.2362060546875,15.47849178314209,-37.52268333435059,92.50331611633301,-26.687183380126957,81.66781616210938,-16.102182388305664,63.417816162109375,1.0,0,below_min;above_max,1.9661205291748018,0.7328899383544893
2022-01-07 00:00:00,cma,u250,3,0,24,-51.48779296875,93.82221221923828,14.423325538635254,-50.39963340759277,102.46837043762207,-37.6606330871582,89.7293701171875,-16.55563735961914,64.45936584472656,1.0,0,below_min,1.0881595611572266,0.0
2022-01-07 00:00:00,cma,v50,3,0,24,-35.93825912475586,26.78624153137207,-0.013520918786525726,-30.524716949462892,36.77367935180664,-24.91651725769043,31.16547966003418,-18.581018447875977,22.86298105239868,1.0,0,below_min,5.413542175292967,0.0
2022-01-07 00:00:00,cma,v100,3,0,24,-32.64785385131836,35.65714645385742,-0.10539216548204422,-27.414196968078617,32.050002098083496,-22.45884704589844,27.09465217590332,-16.778846740722656,16.470958366394036,1.0,0,below_min;above_max,5.2336568832397425,3.607144355773926
2022-01-07 00:00:00,cma,v150,3,0,24,-37.7626953125,45.607303619384766,0.17551198601722717,-34.94914302825928,46.020857429504396,-28.201642990112305,39.27335739135742,-19.726642608642575,22.943359375,1.0,0,below_min,2.8135522842407212,0.0
2022-01-07 00:00:00,cma,v200,3,0,24,-50.198482513427734,62.00651931762695,0.33551260828971863,-50.31730079650879,61.060697555541985,-41.03580093383789,51.77919769287109,-25.96080017089844,28.44419860839844,1.0,0,above_max,0.0,0.945821762084968
2022-01-07 00:00:00,cma,v250,3,0,24,-63.545738220214844,71.9692611694336,0.3876751959323883,-57.60447769165039,63.16352157592773,-47.54047775268555,53.09952163696289,-30.575477600097656,33.5575741195678,1.0,0,below_min;above_max,5.941260528564456,8.805739593505862
2022-01-07 00:00:00,cma,v300,3,0,24,-66.08114624023438,69.91384887695312,0.3080737590789795,-63.88097305297852,64.92703170776367,-53.14697265625,54.19303131103516,-30.54197120666504,33.32607688903801,1.0,0,below_min;above_max,2.2001731872558565,4.98681716918945
2022-01-07 00:00:00,cma,v500,3,0,24,-42.62255096435547,53.637447357177734,-0.023941490799188614,-45.70456199645996,46.10143928527832,-38.05406188964844,38.4509391784668,-23.104063034057617,22.74593734741211,1.0,0,above_max,0.0,7.536008071899417
2022-01-07 00:00:00,cma,v925,3,0,24,-36.63425064086914,40.50075149536133,-0.1358538568019867,-43.24247150421142,38.46552639007569,-36.4334716796875,31.65652656555176,-16.23847198486328,17.4415283203125,1.0,0,above_max,0.0,2.0352251052856403
2022-01-07 00:00:00,cma,msl,3,0,24,94886.53125,104062.65625,100943.8671875,95351.4828125,105582.5328125,96204.0703125,104729.9453125,96952.4453125,103989.3203125,1.0,0,below_min,464.9515625000058,0.0
2022-01-07 06:00:00,cma,z850,3,1,25,9491.9658203125,17289.72265625,13744.212890625,8903.49169921875,16602.69287109375,9545.091796875,15961.0927734375,10216.357421875,15501.6513671875,1.0,0,above_max,0.0,687.02978515625
2022-01-07 06:00:00,cma,z925,3,1,25,2863.27880859375,11113.61328125,7082.78857421875,2460.5858154296875,9915.777709960938,3081.851806640625,9294.51171875,3673.682861328125,8815.8974609375,1.0,0,above_max,0.0,1197.8355712890625
2022-01-07 06:00:00,cma,z1000,3,1,25,-3151.47607421875,5416.103515625,944.6896362304688,-3704.9665771484374,4229.005395507813,-3043.80224609375,3567.841064453125,-2445.5966796875,2886.279052734375,1.0,0,above_max,0.0,1187.0981201171871
2022-01-07 06:00:00,cma,u50,3,1,25,-23.609798431396484,57.52519989013672,4.4871110916137695,-27.29123706817627,56.51075954437257,-20.307737350463867,49.52725982666016,-13.38273811340332,41.62726211547852,1.0,0,above_max,0.0,1.0144403457641502
2022-01-07 06:00:00,cma,u150,3,1,25,-29.60015106201172,84.43484497070312,14.367444038391113,-45.561387634277345,82.8806167602539,-34.857887268066406,72.17711639404297,-21.327884674072266,56.14711380004883,1.0,0,above_max,0.0,1.5542282104492244
2022-01-07 06:00:00,cma,u200,3,1,25,-41.58918762207031,96.94082641601562,15.333226203918457,-37.52268333435059,92.50331611633301,-26.687183380126957,81.66781616210938,-16.102182388305664,63.417816162109375,1.0,0,below_min;above_max,4.066504287719724,4.437510299682614
2022-01-07 06:00:00,cma,v50,3,1,25,-35.91901397705078,26.389984130859375,-0.05242372304201126,-30.524716949462892,36.77367935180664,-24.91651725769043,31.16547966003418,-18.581018447875977,22.86298105239868,1.0,0,below_min,5.394297027587889,0.0
2022-01-07 06:00:00,cma,v100,3,1,25,-35.06244659423828,34.53755569458008,-0.08976418524980545,-27.414196968078617,32.050002098083496,-22.45884704589844,27.09465217590332,-16.778846740722656,16.470958366394036,1.0,0,below_min;above_max,7.648249626159664,2.487553596496582
2022-01-07 06:00:00,cma,v150,3,1,25,-42.42504119873047,43.78995895385742,0.2613667845726013,-34.94914302825928,46.020857429504396,-28.201642990112305,39.27335739135742,-19.726642608642575,22.943359375,1.0,0,below_min,7.47589817047119,0.0
2022-01-07 06:00:00,cma,v250,3,1,25,-57.40860366821289,69.28639221191406,0.40959712862968445,-57.60447769165039,63.16352157592773,-47.54047775268555,53.09952163696289,-30.575477600097656,33.5575741195678,1.0,0,above_max,0.0,6.122870635986331
2022-01-07 06:00:00,cma,v300,3,1,25,-62.412620544433594,69.73237609863281,0.31885021924972534,-63.88097305297852,64.92703170776367,-53.14697265625,54.19303131103516,-30.54197120666504,33.32607688903801,1.0,0,above_max,0.0,4.805344390869138
2022-01-07 06:00:00,cma,v500,3,1,25,-40.89302444458008,47.74197769165039,-0.04425180330872536,-45.70456199645996,46.10143928527832,-38.05406188964844,38.4509391784668,-23.104063034057617,22.74593734741211,1.0,0,above_max,0.0,1.6405384063720732
2022-01-07 06:00:00,cma,v600,3,1,25,-32.98456573486328,38.42543411254883,-0.058574456721544266,-36.2928804397583,38.20011653900146,-30.08513069152832,31.992366790771484,-19.387240676879884,19.150478839874253,1.0,0,above_max,0.0,0.2253175735473647
2022-01-07 12:00:00,cma,z850,3,2,26,8749.279296875,17350.201171875,13736.9814453125,8903.49169921875,16602.69287109375,9545.091796875,15961.0927734375,10216.357421875,15501.6513671875,1.0,0,below_min;above_max,154.21240234375,747.50830078125
2022-01-07 12:00:00,cma,z925,3,2,26,2057.53271484375,11146.3359375,7076.5498046875,2460.5858154296875,9915.777709960938,3081.851806640625,9294.51171875,3673.682861328125,8815.8974609375,1.0,0,below_min;above_max,403.0531005859375,1230.5582275390625
2022-01-07 12:00:00,cma,z1000,3,2,26,-3875.47802734375,5423.67822265625,939.1016235351562,-3704.9665771484374,4229.005395507813,-3043.80224609375,3567.841064453125,-2445.5966796875,2886.279052734375,1.0,0,below_min;above_max,170.5114501953126,1194.6728271484371
2022-01-07 12:00:00,cma,u150,3,2,26,-30.67621612548828,83.20878601074219,14.278079986572266,-45.561387634277345,82.8806167602539,-34.857887268066406,72.17711639404297,-21.327884674072266,56.14711380004883,1.0,0,above_max,0.0,0.32816925048828693
2022-01-07 12:00:00,cma,u200,3,2,26,-36.482322692871094,99.59767150878906,15.206283569335938,-37.52268333435059,92.50331611633301,-26.687183380126957,81.66781616210938,-16.102182388305664,63.417816162109375,1.0,0,above_max,0.0,7.094355392456052
2022-01-07 12:00:00,cma,u500,3,2,26,-32.96841049194336,71.16158294677734,6.886678695678711,-53.82121238708496,70.33079109191894,-43.47521209716797,59.98479080200195,-16.28021240234375,40.83479309082031,1.0,0,above_max,0.0,0.8307918548584041
2022-01-07 12:00:00,cma,u700,3,2,26,-37.58613967895508,48.353858947753906,3.585143804550171,-38.12271099090576,46.57329349517822,-31.06471061706543,39.51529312133789,-13.54471206665039,27.97528839111328,1.0,0,above_max,0.0,1.7805654525756864
2022-01-07 12:00:00,cma,u850,3,2,26,-41.082340240478516,47.21765899658203,1.5338560342788696,-42.08315887451172,47.05283966064454,-34.65515899658203,39.62483978271485,-14.66515827178955,22.514841079711918,1.0,0,above_max,0.0,0.16481933593749432
2022-01-07 12:00:00,cma,v50,3,2,26,-36.07274627685547,25.56475257873535,0.0463050901889801,-30.524716949462892,36.77367935180664,-24.91651725769043,31.16547966003418,-18.581018447875977,22.86298105239868,1.0,0,below_min,5.548029327392577,0.0
2022-01-07 12:00:00,cma,v100,3,2,26,-32.60586166381836,35.56914520263672,-0.19902504980564117,-27.414196968078617,32.050002098083496,-22.45884704589844,27.09465217590332,-16.778846740722656,16.470958366394036,1.0,0,below_min;above_max,5.1916646957397425,3.5191431045532227
2022-01-07 12:00:00,cma,v150,3,2,26,-42.11261749267578,41.68738555908203,0.3583161234855652,-34.94914302825928,46.020857429504396,-28.201642990112305,39.27335739135742,-19.726642608642575,22.943359375,1.0,0,below_min,7.1634744644165025,0.0
2022-01-07 12:00:00,cma,v250,3,2,26,-60.39927673339844,68.44571685791016,0.3975653648376465,-57.60447769165039,63.16352157592773,-47.54047775268555,53.09952163696289,-30.575477600097656,33.5575741195678,1.0,0,below_min;above_max,2.7947990417480497,5.282195281982425
2022-01-07 12:00:00,cma,v300,3,2,26,-59.61747741699219,69.5575180053711,0.2893173098564148,-63.88097305297852,64.92703170776367,-53.14697265625,54.19303131103516,-30.54197120666504,33.32607688903801,1.0,0,above_max,0.0,4.630486297607419
2022-01-07 12:00:00,cma,v500,3,2,26,-46.8219108581543,47.11309051513672,-0.049037400633096695,-45.70456199645996,46.10143928527832,-38.05406188964844,38.4509391784668,-23.104063034057617,22.74593734741211,1.0,0,below_min;above_max,1.1173488616943388,1.0116512298584013
2022-01-07 12:00:00,cma,v600,3,2,26,-37.69755554199219,37.41244125366211,-0.04647398740053177,-36.2928804397583,38.20011653900146,-30.08513069152832,31.992366790771484,-19.387240676879884,19.150478839874253,1.0,0,below_min,1.4046751022338881,0.0
2022-01-07 12:00:00,cma,v925,3,2,26,-40.61541748046875,38.59958267211914,-0.09407179057598114,-43.24247150421142,38.46552639007569,-36.4334716796875,31.65652656555176,-16.23847198486328,17.4415283203125,1.0,0,above_max,0.0,0.13405628204345277
2022-01-07 12:00:00,cma,msl,3,2,26,94933.6875,104385.4375,100901.8671875,95351.4828125,105582.5328125,96204.0703125,104729.9453125,96952.4453125,103989.3203125,1.0,0,below_min,417.7953125000058,0.0
2022-01-07 18:00:00,cma,z700,3,3,27,23229.587890625,32018.798828125,28797.94921875,23230.78203125,32243.28828125,23981.82421875,31492.24609375,24874.41970703125,31276.009765625,1.0,0,below_min,1.1941406250007276,0.0
2022-01-07 18:00:00,cma,z850,3,3,27,8050.0654296875,17871.916015625,13712.10546875,8903.49169921875,16602.69287109375,9545.091796875,15961.0927734375,10216.357421875,15501.6513671875,1.0,0,below_min;above_max,853.42626953125,1269.22314453125
2022-01-07 18:00:00,cma,z925,3,3,27,1385.61083984375,11726.7236328125,7050.42919921875,2460.5858154296875,9915.777709960938,3081.851806640625,9294.51171875,3673.682861328125,8815.8974609375,1.0,0,below_min;above_max,1074.9749755859375,1810.9459228515625
2022-01-07 18:00:00,cma,z1000,3,3,27,-4507.61572265625,6079.1533203125,915.861572265625,-3704.9665771484374,4229.005395507813,-3043.80224609375,3567.841064453125,-2445.5966796875,2886.279052734375,1.0,0,below_min;above_max,802.6491455078126,1850.1479248046871
2022-01-07 18:00:00,cma,u150,3,3,27,-25.08681869506836,86.3831787109375,14.302828788757324,-45.561387634277345,82.8806167602539,-34.857887268066406,72.17711639404297,-21.327884674072266,56.14711380004883,1.0,0,above_max,0.0,3.5025619506835994
2022-01-07 18:00:00,cma,u200,3,3,27,-26.663482666015625,100.45651245117188,15.229146957397461,-37.52268333435059,92.50331611633301,-26.687183380126957,81.66781616210938,-16.102182388305664,63.417816162109375,1.0,0,above_max,0.0,7.953196334838864
2022-01-07 18:00:00,cma,u700,3,3,27,-39.26047134399414,43.24453353881836,3.6686267852783203,-38.12271099090576,46.57329349517822,-31.06471061706543,39.51529312133789,-13.54471206665039,27.97528839111328,1.0,0,below_min,1.1377603530883817,0.0
2022-01-07 18:00:00,cma,v50,3,3,27,-36.62893295288086,24.885068893432617,0.04034590721130371,-30.524716949462892,36.77367935180664,-24.91651725769043,31.16547966003418,-18.581018447875977,22.86298105239868,1.0,0,below_min,6.104216003417967,0.0
2022-01-07 18:00:00,cma,v100,3,3,27,-34.03103256225586,33.468971252441406,-0.12350672483444214,-27.414196968078617,32.050002098083496,-22.45884704589844,27.09465217590332,-16.778846740722656,16.470958366394036,1.0,0,below_min;above_max,6.6168355941772425,1.4189691543579102
2022-01-07 18:00:00,cma,v150,3,3,27,-50.045467376708984,43.619529724121094,0.3683265149593353,-34.94914302825928,46.020857429504396,-28.201642990112305,39.27335739135742,-19.726642608642575,22.943359375,1.0,0,below_min,15.096324348449706,0.0
2022-01-07 18:00:00,cma,v200,3,3,27,-58.65469741821289,56.415306091308594,0.41237613558769226,-50.31730079650879,61.060697555541985,-41.03580093383789,51.77919769287109,-25.96080017089844,28.44419860839844,1.0,0,below_min,8.337396621704102,0.0
2022-01-07 18:00:00,cma,v250,3,3,27,-65.22412109375,68.44587707519531,0.44996464252471924,-57.60447769165039,63.16352157592773,-47.54047775268555,53.09952163696289,-30.575477600097656,33.5575741195678,1.0,0,below_min;above_max,7.619643402099612,5.282355499267581
2022-01-07 18:00:00,cma,v300,3,3,27,-65.67620086669922,67.86380004882812,0.3399359881877899,-63.88097305297852,64.92703170776367,-53.14697265625,54.19303131103516,-30.54197120666504,33.32607688903801,1.0,0,below_min;above_max,1.7952278137207003,2.9367683410644503
2022-01-07 18:00:00,cma,v500,3,3,27,-52.74577713012695,50.49922180175781,-0.06842520833015442,-45.70456199645996,46.10143928527832,-38.05406188964844,38.4509391784668,-23.104063034057617,22.74593734741211,1.0,0,below_min;above_max,7.041215133666995,4.397782516479495
2022-01-07 18:00:00,cma,v600,3,3,27,-38.81069564819336,48.37430191040039,-0.06408584117889404,-36.2928804397583,38.20011653900146,-30.08513069152832,31.992366790771484,-19.387240676879884,19.150478839874253,1.0,0,below_min;above_max,2.51781520843506,10.174185371398927
2022-01-07 18:00:00,cma,v700,3,3,27,-34.48018264770508,44.219818115234375,0.0034120918717235327,-37.889457893371585,41.16053981781006,-31.301958084106445,34.57304000854492,-16.531959533691406,17.1230411529541,1.0,0,above_max,0.0,3.0592782974243136
2022-01-07 18:00:00,cma,r500,3,3,27,0.0,113.9000015258789,46.05685043334961,-10.0,110.0,0.0,100.0,0.0050010681152343,100.0,1.0,0,above_max,0.0,3.9000015258789062
2022-01-07 18:00:00,cma,msl,3,3,27,94142.265625,104559.890625,100863.1953125,95351.4828125,105582.5328125,96204.0703125,104729.9453125,96952.4453125,103989.3203125,1.0,0,below_min,1209.2171875000058,0.0
2022-01-08 00:00:00,cma,z700,3,4,28,22940.109375,32001.455078125,28778.880859375,23230.78203125,32243.28828125,23981.82421875,31492.24609375,24874.41970703125,31276.009765625,1.0,0,below_min,290.6726562500007,0.0
2022-01-08 00:00:00,cma,z850,3,4,28,7974.93408203125,17882.59375,13699.0869140625,8903.49169921875,16602.69287109375,9545.091796875,15961.0927734375,10216.357421875,15501.6513671875,1.0,0,below_min;above_max,928.5576171875,1279.90087890625
2022-01-08 00:00:00,cma,z925,3,4,28,1336.65478515625,11779.265625,7041.74609375,2460.5858154296875,9915.777709960938,3081.851806640625,9294.51171875,3673.682861328125,8815.8974609375,1.0,0,below_min;above_max,1123.9310302734375,1863.4879150390625
2022-01-08 00:00:00,cma,z1000,3,4,28,-4585.8798828125,6148.47900390625,912.1251220703125,-3704.9665771484374,4229.005395507813,-3043.80224609375,3567.841064453125,-2445.5966796875,2886.279052734375,1.0,0,below_min;above_max,880.9133056640626,1919.4736083984371
2022-01-08 00:00:00,cma,u150,3,4,28,-25.507198333740234,84.13280487060547,14.304291725158691,-45.561387634277345,82.8806167602539,-34.857887268066406,72.17711639404297,-21.327884674072266,56.14711380004883,1.0,0,above_max,0.0,1.2521881103515682
2022-01-08 00:00:00,cma,u200,3,4,28,-28.73672866821289,95.59327697753906,15.21337890625,-37.52268333435059,92.50331611633301,-26.687183380126957,81.66781616210938,-16.102182388305664,63.417816162109375,1.0,0,above_max,0.0,3.089960861206052
2022-01-08 00:00:00,cma,u500,3,4,28,-36.392494201660156,71.58250427246094,7.119929790496826,-53.82121238708496,70.33079109191894,-43.47521209716797,59.98479080200195,-16.28021240234375,40.83479309082031,1.0,0,above_max,0.0,1.2517131805419979
2022-01-08 00:00:00,cma,v50,3,4,28,-35.591461181640625,25.08803939819336,0.04443942755460739,-30.524716949462892,36.77367935180664,-24.91651725769043,31.16547966003418,-18.581018447875977,22.86298105239868,1.0,0,below_min,5.066744232177733,0.0
2022-01-08 00:00:00,cma,v100,3,4,28,-38.44093322753906,31.669063568115234,-0.09628266841173172,-27.414196968078617,32.050002098083496,-22.45884704589844,27.09465217590332,-16.778846740722656,16.470958366394036,1.0,0,below_min,11.026736259460446,0.0
2022-01-08 00:00:00,cma,v150,3,4,28,-56.176753997802734,44.7032470703125,0.3877815306186676,-34.94914302825928,46.020857429504396,-28.201642990112305,39.27335739135742,-19.726642608642575,22.943359375,1.0,0,below_min,21.227610969543456,0.0
2022-01-08 00:00:00,cma,v200,3,4,28,-66.19629669189453,56.358699798583984,0.3740251958370209,-50.31730079650879,61.060697555541985,-41.03580093383789,51.77919769287109,-25.96080017089844,28.44419860839844,1.0,0,below_min,15.878995895385742,0.0
2022-01-08 00:00:00,cma,v250,3,4,28,-68.918701171875,68.081298828125,0.5010879039764404,-57.60447769165039,63.16352157592773,-47.54047775268555,53.09952163696289,-30.575477600097656,33.5575741195678,1.0,0,below_min;above_max,11.314223480224612,4.9177772521972685
2022-01-08 00:00:00,cma,v300,3,4,28,-66.08409881591797,65.75090026855469,0.41776251792907715,-63.88097305297852,64.92703170776367,-53.14697265625,54.19303131103516,-30.54197120666504,33.32607688903801,1.0,0,below_min;above_max,2.2031257629394503,0.8238685607910128
2022-01-08 00:00:00,cma,v500,3,4,28,-41.1492805480957,48.22572326660156,-0.028173839673399925,-45.70456199645996,46.10143928527832,-38.05406188964844,38.4509391784668,-23.104063034057617,22.74593734741211,1.0,0,above_max,0.0,2.124283981323245
2022-01-08 00:00:00,cma,v600,3,4,28,-36.631675720214844,49.17332458496094,-0.05106901004910469,-36.2928804397583,38.20011653900146,-30.08513069152832,31.992366790771484,-19.387240676879884,19.150478839874253,1.0,0,below_min;above_max,0.3387952804565444,10.973208045959474
2022-01-08 00:00:00,cma,v700,3,4,28,-31.755216598510742,41.61978530883789,-0.009364406578242779,-37.889457893371585,41.16053981781006,-31.301958084106445,34.57304000854492,-16.531959533691406,17.1230411529541,1.0,0,above_max,0.0,0.4592454910278292
2022-01-08 00:00:00,cma,r150,3,4,28,0.0,120.5250015258789,22.448762893676758,-10.0,110.0,0.0,100.0,0.2749996185302734,100.0,1.0,0,above_max,0.0,10.525001525878906
2022-01-08 00:00:00,cma,r300,3,4,28,-0.9850006103515625,124.77000427246094,45.044517517089844,-10.0,110.0,0.0,100.0,0.0600013732910156,100.0,1.0,0,above_max,0.0,14.770004272460938
2022-01-08 00:00:00,cma,r500,3,4,28,0.0,114.05500030517578,47.37594223022461,-10.0,110.0,0.0,100.0,0.0050010681152343,100.0,1.0,0,above_max,0.0,4.055000305175781
2022-01-08 00:00:00,cma,msl,3,4,28,94076.6015625,104593.6015625,100853.5546875,95351.4828125,105582.5328125,96204.0703125,104729.9453125,96952.4453125,103989.3203125,1.0,0,below_min,1274.8812500000058,0.0
2022-01-08 06:00:00,cma,z700,3,5,29,22825.109375,31884.001953125,28756.951171875,23230.78203125,32243.28828125,23981.82421875,31492.24609375,24874.41970703125,31276.009765625,1.0,0,below_min,405.6726562500007,0.0
2022-01-08 06:00:00,cma,z850,3,5,29,8075.60205078125,17302.6796875,13673.9052734375,8903.49169921875,16602.69287109375,9545.091796875,15961.0927734375,10216.357421875,15501.6513671875,1.0,0,below_min;above_max,827.8896484375,699.98681640625
2022-01-08 06:00:00,cma,z925,3,5,29,1530.55126953125,11102.33203125,7013.7705078125,2460.5858154296875,9915.777709960938,3081.851806640625,9294.51171875,3673.682861328125,8815.8974609375,1.0,0,below_min;above_max,930.0345458984375,1186.5543212890625
2022-01-08 06:00:00,cma,z1000,3,5,29,-4330.0791015625,5383.40771484375,881.8292846679688,-3704.9665771484374,4229.005395507813,-3043.80224609375,3567.841064453125,-2445.5966796875,2886.279052734375,1.0,0,below_min;above_max,625.1125244140626,1154.4023193359371
2022-01-08 06:00:00,cma,u150,3,5,29,-27.978313446044922,84.83168029785156,14.335775375366211,-45.561387634277345,82.8806167602539,-34.857887268066406,72.17711639404297,-21.327884674072266,56.14711380004883,1.0,0,above_max,0.0,1.951063537597662
2022-01-08 06:00:00,cma,u200,3,5,29,-28.85411834716797,96.68087768554688,15.127385139465332,-37.52268333435059,92.50331611633301,-26.687183380126957,81.66781616210938,-16.102182388305664,63.417816162109375,1.0,0,above_max,0.0,4.177561569213864
2022-01-08 06:00:00,cma,u400,3,5,29,-38.09016036987305,84.89984130859375,9.466602325439453,-57.84375267028808,84.12824897766113,-46.01275253295898,72.29724884033203,-18.032752990722656,50.28724670410156,1.0,0,above_max,0.0,0.77159233093262
2022-01-08 06:00:00,cma,v50,3,5,29,-35.03316116333008,27.647335052490234,0.10601533204317093,-30.524716949462892,36.77367935180664,-24.91651725769043,31.16547966003418,-18.581018447875977,22.86298105239868,1.0,0,below_min,4.508444213867186,0.0
2022-01-08 06:00:00,cma,v100,3,5,29,-37.183589935302734,34.101409912109375,-0.07058291882276535,-27.414196968078617,32.050002098083496,-22.45884704589844,27.09465217590332,-16.778846740722656,16.470958366394036,1.0,0,below_min;above_max,9.769392967224118,2.051407814025879
2022-01-08 06:00:00,cma,v150,3,5,29,-54.4091682434082,43.635833740234375,0.24409331381320953,-34.94914302825928,46.020857429504396,-28.201642990112305,39.27335739135742,-19.726642608642575,22.943359375,1.0,0,below_min,19.460025215148924,0.0
2022-01-08 06:00:00,cma,v200,3,5,29,-68.86221313476562,51.66777420043945,0.4800117611885071,-50.31730079650879,61.060697555541985,-41.03580093383789,51.77919769287109,-25.96080017089844,28.44419860839844,1.0,0,below_min,18.544912338256836,0.0
2022-01-08 06:00:00,cma,v250,3,5,29,-73.22984313964844,64.3801498413086,0.439576655626297,-57.60447769165039,63.16352157592773,-47.54047775268555,53.09952163696289,-30.575477600097656,33.5575741195678,1.0,0,below_min;above_max,15.62536544799805,1.2166282653808622
2022-01-08 06:00:00,cma,v300,3,5,29,-69.74979400634766,67.73020935058594,0.33461666107177734,-63.88097305297852,64.92703170776367,-53.14697265625,54.19303131103516,-30.54197120666504,33.32607688903801,1.0,0,below_min;above_max,5.868820953369138,2.803177642822263
2022-01-08 06:00:00,cma,v500,3,5,29,-45.216556549072266,52.283443450927734,0.026830675080418587,-45.70456199645996,46.10143928527832,-38.05406188964844,38.4509391784668,-23.104063034057617,22.74593734741211,1.0,0,above_max,0.0,6.182004165649417
2022-01-08 06:00:00,cma,v600,3,5,29,-35.841854095458984,48.853145599365234,-0.054282039403915405,-36.2928804397583,38.20011653900146,-30.08513069152832,31.992366790771484,-19.387240676879884,19.150478839874253,1.0,0,above_max,0.0,10.653029060363771
2022-01-08 06:00:00,cma,v700,3,5,29,-28.049015045166016,45.03598403930664,0.004397986922413111,-37.889457893371585,41.16053981781006,-31.301958084106445,34.57304000854492,-16.531959533691406,17.1230411529541,1.0,0,above_max,0.0,3.875444221496579
2022-01-08 06:00:00,cma,r150,3,5,29,0.0,125.33500671386719,22.679122924804688,-10.0,110.0,0.0,100.0,0.2749996185302734,100.0,1.0,0,above_max,0.0,15.335006713867188
2022-01-08 06:00:00,cma,r300,3,5,29,0.0,144.08999633789062,45.31193542480469,-10.0,110.0,0.0,100.0,0.0600013732910156,100.0,1.0,0,above_max,0.0,34.089996337890625
2022-01-08 06:00:00,cma,r500,3,5,29,0.0,112.58000183105469,47.515132904052734,-10.0,110.0,0.0,100.0,0.0050010681152343,100.0,1.0,0,above_max,0.0,2.5800018310546875
2022-01-08 06:00:00,cma,msl,3,5,29,94327.921875,104670.046875,100819.765625,95351.4828125,105582.5328125,96204.0703125,104729.9453125,96952.4453125,103989.3203125,1.0,0,below_min,1023.5609375000058,0.0
2022-01-08 12:00:00,cma,z700,3,6,30,22709.4296875,31876.68359375,28749.427734375,23230.78203125,32243.28828125,23981.82421875,31492.24609375,24874.41970703125,31276.009765625,1.0,0,below_min,521.3523437500007,0.0
2022-01-08 12:00:00,cma,z850,3,6,30,7960.6494140625,17358.8515625,13663.8505859375,8903.49169921875,16602.69287109375,9545.091796875,15961.0927734375,10216.357421875,15501.6513671875,1.0,0,below_min;above_max,942.84228515625,756.15869140625
2022-01-08 12:00:00,cma,z925,3,6,30,1399.53955078125,11188.537109375,7001.96240234375,2460.5858154296875,9915.777709960938,3081.851806640625,9294.51171875,3673.682861328125,8815.8974609375,1.0,0,below_min;above_max,1061.0462646484375,1272.7593994140625
2022-01-08 12:00:00,cma,z1000,3,6,30,-4467.9169921875,5496.12939453125,866.0575561523438,-3704.9665771484374,4229.005395507813,-3043.80224609375,3567.841064453125,-2445.5966796875,2886.279052734375,1.0,0,below_min;above_max,762.9504150390626,1267.1239990234371
2022-01-08 12:00:00,cma,u50,3,6,30,-22.7174072265625,59.187591552734375,4.614213466644287,-27.29123706817627,56.51075954437257,-20.307737350463867,49.52725982666016,-13.38273811340332,41.62726211547852,1.0,0,above_max,0.0,2.6768320083618065
2022-01-08 12:00:00,cma,u150,3,6,30,-26.689014434814453,83.48599243164062,14.268539428710938,-45.561387634277345,82.8806167602539,-34.857887268066406,72.17711639404297,-21.327884674072266,56.14711380004883,1.0,0,above_max,0.0,0.6053756713867244
2022-01-08 12:00:00,cma,u200,3,6,30,-27.06720733642578,95.37278747558594,15.270403861999512,-37.52268333435059,92.50331611633301,-26.687183380126957,81.66781616210938,-16.102182388305664,63.417816162109375,1.0,0,above_max,0.0,2.869471359252927
2022-01-08 12:00:00,cma,v50,3,6,30,-33.80432891845703,29.202171325683594,0.04194784164428711,-30.524716949462892,36.77367935180664,-24.91651725769043,31.16547966003418,-18.581018447875977,22.86298105239868,1.0,0,below_min,3.279611968994139,0.0
2022-01-08 12:00:00,cma,v100,3,6,30,-35.80768966674805,34.84730911254883,-0.10292284190654755,-27.414196968078617,32.050002098083496,-22.45884704589844,27.09465217590332,-16.778846740722656,16.470958366394036,1.0,0,below_min;above_max,8.39349269866943,2.797307014465332
2022-01-08 12:00:00,cma,v150,3,6,30,-59.39562225341797,43.04438018798828,0.311919629573822,-34.94914302825928,46.020857429504396,-28.201642990112305,39.27335739135742,-19.726642608642575,22.943359375,1.0,0,below_min,24.44647922515869,0.0
2022-01-08 12:00:00,cma,v200,3,6,30,-67.2104263305664,57.314571380615234,0.35619428753852844,-50.31730079650879,61.060697555541985,-41.03580093383789,51.77919769287109,-25.96080017089844,28.44419860839844,1.0,0,below_min,16.893125534057617,0.0
2022-01-08 12:00:00,cma,v250,3,6,30,-73.59392547607422,64.71106719970703,0.3389415442943573,-57.60447769165039,63.16352157592773,-47.54047775268555,53.09952163696289,-30.575477600097656,33.5575741195678,1.0,0,below_min;above_max,15.989447784423831,1.5475456237792997
2022-01-08 12:00:00,cma,v300,3,6,30,-74.25739288330078,68.92760467529297,0.24950654804706573,-63.88097305297852,64.92703170776367,-53.14697265625,54.19303131103516,-30.54197120666504,33.32607688903801,1.0,0,below_min;above_max,10.376419830322263,4.000572967529294
2022-01-08 12:00:00,cma,v400,3,6,30,-53.449073791503906,68.6759262084961,0.09892214089632034,-59.223367309570314,64.14263305664062,-48.942867279052734,53.86213302612305,-27.602867126464844,27.60213279724121,1.0,0,above_max,0.0,4.533293151855474
2022-01-08 12:00:00,cma,v500,3,6,30,-44.39141082763672,55.76858901977539,-0.00027401576517149806,-45.70456199645996,46.10143928527832,-38.05406188964844,38.4509391784668,-23.104063034057617,22.74593734741211,1.0,0,above_max,0.0,9.667149734497073
2022-01-08 12:00:00,cma,v600,3,6,30,-40.03978729248047,52.95021057128906,-0.061921376734972,-36.2928804397583,38.20011653900146,-30.08513069152832,31.992366790771484,-19.387240676879884,19.150478839874253,1.0,0,below_min;above_max,3.7469068527221694,14.750094032287599
2022-01-08 12:00:00,cma,v700,3,6,30,-30.277273178100586,47.03772735595703,-0.02632995881140232,-37.889457893371585,41.16053981781006,-31.301958084106445,34.57304000854492,-16.531959533691406,17.1230411529541,1.0,0,above_max,0.0,5.87718753814697
2022-01-08 12:00:00,cma,r300,3,6,30,-6.56500244140625,139.94500732421875,46.20958709716797,-10.0,110.0,0.0,100.0,0.0600013732910156,100.0,1.0,0,above_max,0.0,29.94500732421875
2022-01-08 12:00:00,cma,r500,3,6,30,0.0,110.4800033569336,47.831912994384766,-10.0,110.0,0.0,100.0,0.0050010681152343,100.0,1.0,0,above_max,0.0,0.48000335693359375
2022-01-08 12:00:00,cma,msl,3,6,30,94167.3046875,104697.6796875,100803.234375,95351.4828125,105582.5328125,96204.0703125,104729.9453125,96952.4453125,103989.3203125,1.0,0,below_min,1184.1781250000058,0.0
2022-01-08 18:00:00,cma,z600,3,7,31,34068.8671875,44230.02734375,40405.45703125,34168.64453125,44690.39453125,35045.45703125,43813.58203125,36103.7880859375,43669.91796875,1.0,0,below_min,99.77734375,0.0
2022-01-08 18:00:00,cma,z700,3,7,31,22624.55859375,32101.21484375,28730.013671875,23230.78203125,32243.28828125,23981.82421875,31492.24609375,24874.41970703125,31276.009765625,1.0,0,below_min,606.2234375000007,0.0
2022-01-08 18:00:00,cma,z850,3,7,31,7957.7998046875,17531.05078125,13648.802734375,8903.49169921875,16602.69287109375,9545.091796875,15961.0927734375,10216.357421875,15501.6513671875,1.0,0,below_min;above_max,945.69189453125,928.35791015625
2022-01-08 18:00:00,cma,z925,3,7,31,1393.26708984375,11397.521484375,6988.2021484375,2460.5858154296875,9915.777709960938,3081.851806640625,9294.51171875,3673.682861328125,8815.8974609375,1.0,0,below_min;above_max,1067.3187255859375,1481.7437744140625
2022-01-08 18:00:00,cma,z1000,3,7,31,-4844.3779296875,5739.44921875,855.5875244140625,-3704.9665771484374,4229.005395507813,-3043.80224609375,3567.841064453125,-2445.5966796875,2886.279052734375,1.0,0,below_min;above_max,1139.4113525390626,1510.4438232421871
2022-01-08 18:00:00,cma,u50,3,7,31,-22.03561782836914,56.859378814697266,4.75265645980835,-27.29123706817627,56.51075954437257,-20.307737350463867,49.52725982666016,-13.38273811340332,41.62726211547852,1.0,0,above_max,0.0,0.3486192703246971
2022-01-08 18:00:00,cma,u150,3,7,31,-26.207252502441406,84.05274963378906,14.375229835510254,-45.561387634277345,82.8806167602539,-34.857887268066406,72.17711639404297,-21.327884674072266,56.14711380004883,1.0,0,above_max,0.0,1.172132873535162
2022-01-08 18:00:00,cma,u200,3,7,31,-31.73245620727539,96.13754272460938,15.379829406738281,-37.52268333435059,92.50331611633301,-26.687183380126957,81.66781616210938,-16.102182388305664,63.417816162109375,1.0,0,above_max,0.0,3.6342266082763643
2022-01-08 18:00:00,cma,v50,3,7,31,-32.59064483642578,27.808353424072266,0.05998556688427925,-30.524716949462892,36.77367935180664,-24.91651725769043,31.16547966003418,-18.581018447875977,22.86298105239868,1.0,0,below_min,2.065927886962889,0.0
2022-01-08 18:00:00,cma,v100,3,7,31,-34.24350357055664,30.36799430847168,-0.2024114727973938,-27.414196968078617,32.050002098083496,-22.45884704589844,27.09465217590332,-16.778846740722656,16.470958366394036,1.0,0,below_min,6.829306602478024,0.0
2022-01-08 18:00:00,cma,v150,3,7,31,-58.42219161987305,47.6178092956543,0.26404184103012085,-34.94914302825928,46.020857429504396,-28.201642990112305,39.27335739135742,-19.726642608642575,22.943359375,1.0,0,below_min;above_max,23.473048591613768,1.596951866149901
2022-01-08 18:00:00,cma,v200,3,7,31,-64.84803009033203,59.99197006225586,0.4361629784107208,-50.31730079650879,61.060697555541985,-41.03580093383789,51.77919769287109,-25.96080017089844,28.44419860839844,1.0,0,below_min,14.530729293823242,0.0
2022-01-08 18:00:00,cma,v250,3,7,31,-73.14537811279297,67.53962707519531,0.3449839949607849,-57.60447769165039,63.16352157592773,-47.54047775268555,53.09952163696289,-30.575477600097656,33.5575741195678,1.0,0,below_min;above_max,15.540900421142581,4.376105499267581
2022-01-08 18:00:00,cma,v300,3,7,31,-74.35596466064453,72.87903594970703,0.2725487947463989,-63.88097305297852,64.92703170776367,-53.14697265625,54.19303131103516,-30.54197120666504,33.32607688903801,1.0,0,below_min;above_max,10.474991607666013,7.9520042419433565
2022-01-08 18:00:00,cma,v400,3,7,31,-53.55968475341797,65.2953109741211,0.11763959378004074,-59.223367309570314,64.14263305664062,-48.942867279052734,53.86213302612305,-27.602867126464844,27.60213279724121,1.0,0,above_max,0.0,1.1526779174804744
2022-01-08 18:00:00,cma,v500,3,7,31,-45.190093994140625,64.4999008178711,0.017601249739527702,-45.70456199645996,46.10143928527832,-38.05406188964844,38.4509391784668,-23.104063034057617,22.74593734741211,1.0,0,above_max,0.0,18.398461532592776
2022-01-08 18:00:00,cma,v600,3,7,31,-38.56924057006836,56.63575744628906,-0.07134616374969482,-36.2928804397583,38.20011653900146,-30.08513069152832,31.992366790771484,-19.387240676879884,19.150478839874253,1.0,0,below_min;above_max,2.27636013031006,18.4356409072876
2022-01-08 18:00:00,cma,v700,3,7,31,-32.087039947509766,41.43796157836914,-0.057984981685876846,-37.889457893371585,41.16053981781006,-31.301958084106445,34.57304000854492,-16.531959533691406,17.1230411529541,1.0,0,above_max,0.0,0.2774217605590792
2022-01-08 18:00:00,cma,msl,3,7,31,94158.0390625,104691.1640625,100782.71875,95351.4828125,105582.5328125,96204.0703125,104729.9453125,96952.4453125,103989.3203125,1.0,0,below_min,1193.4437500000058,0.0
